provider,player_source_id,player_name,club_name,competition_name,season_name,position_general,appearances,starts,sub_appearances,goals
wikipedia,Aaron_Ramsdale,Aaron Ramsdale,Arsenal F.C.,Premier League,2021/22,Goalkeeper,34,34,0,0
wikipedia,Ainsley_Maitland-Niles,Ainsley Maitland-Niles,Arsenal F.C.,Premier League,2021/22,Midfielder,7,2,5,0
wikipedia,Albert_Sambi_Lokonga,Albert Sambi Lokonga,Arsenal F.C.,Premier League,2021/22,Midfielder,17,11,6,0
wikipedia,Alexandre_Lacazette,Alexandre Lacazette,Arsenal F.C.,Premier League,2021/22,Forward,30,20,10,4
wikipedia,Ben_White_(footballer),Ben White,Arsenal F.C.,Premier League,2021/22,Defender,32,32,0,0
wikipedia,Bernd_Leno,Bernd Leno,Arsenal F.C.,Premier League,2021/22,Goalkeeper,4,4,0,0
wikipedia,Bukayo_Saka,Bukayo Saka,Arsenal F.C.,Premier League,2021/22,Midfielder,38,36,2,11
wikipedia,Calum_Chambers,Calum Chambers,Arsenal F.C.,Premier League,2021/22,Defender,2,2,0,0
wikipedia,Cédric_Soares,Cédric Soares,Arsenal F.C.,Premier League,2021/22,Defender,21,16,5,1
wikipedia,Eddie_Nketiah,Eddie Nketiah,Arsenal F.C.,Premier League,2021/22,Forward,21,8,13,5
wikipedia,Emile_Smith_Rowe,Emile Smith Rowe,Arsenal F.C.,Premier League,2021/22,Midfielder,33,21,12,10
wikipedia,Folarin_Balogun,Folarin Balogun,Arsenal F.C.,Premier League,2021/22,Forward,2,1,1,0
wikipedia,Gabriel_Magalhães,Gabriel Magalhães,Arsenal F.C.,Premier League,2021/22,Defender,35,35,0,5
wikipedia,Gabriel_Martinelli,Gabriel Martinelli,Arsenal F.C.,Premier League,2021/22,Forward,29,21,8,6
wikipedia,Granit_Xhaka,Granit Xhaka,Arsenal F.C.,Premier League,2021/22,Midfielder,27,27,0,1
wikipedia,Kieran_Tierney,Kieran Tierney,Arsenal F.C.,Premier League,2021/22,Defender,22,22,0,1
wikipedia,Martin_Ødegaard,Martin Ødegaard,Arsenal F.C.,Premier League,2021/22,Midfielder,36,32,4,7
wikipedia,Mohamed_Elneny,Mohamed Elneny,Arsenal F.C.,Premier League,2021/22,Midfielder,14,8,6,0
wikipedia,Nicolas_Pépé,Nicolas Pépé,Arsenal F.C.,Premier League,2021/22,Forward,20,5,15,1
wikipedia,Nuno_Tavares,Nuno Tavares,Arsenal F.C.,Premier League,2021/22,Defender,21,13,8,1
wikipedia,Pablo_Marí,Pablo Marí,Arsenal F.C.,Premier League,2021/22,Defender,2,2,0,0
wikipedia,Pierre-Emerick_Aubameyang,Pierre-Emerick Aubameyang,Arsenal F.C.,Premier League,2021/22,Forward,14,12,2,4
wikipedia,Reiss_Nelson,Reiss Nelson,Arsenal F.C.,Premier League,2021/22,Forward,1,0,1,0
wikipedia,Rob_Holding,Rob Holding,Arsenal F.C.,Premier League,2021/22,Defender,15,9,6,1
wikipedia,Sead_Kolašinac,Sead Kolašinac,Arsenal F.C.,Premier League,2021/22,Defender,2,1,1,0
wikipedia,Takehiro_Tomiyasu,Takehiro Tomiyasu,Arsenal F.C.,Premier League,2021/22,Defender,21,20,1,0
wikipedia,Thomas_Partey,Thomas Partey,Arsenal F.C.,Premier League,2021/22,Midfielder,24,23,1,2
wikipedia,Anwar_El_Ghazi,Anwar El Ghazi,Aston Villa F.C.,Premier League,2021/22,Forward,9,4,5,1
wikipedia,Ashley_Young,Ashley Young,Aston Villa F.C.,Premier League,2021/22,Defender,24,10,14,0
wikipedia,Axel_Tuanzebe,Axel Tuanzebe,Aston Villa F.C.,Premier League,2021/22,Defender,9,6,3,0
wikipedia,Bertrand_Traoré,Bertrand Traoré,Aston Villa F.C.,Premier League,2021/22,Forward,9,1,8,0
wikipedia,Calum_Chambers,Calum Chambers,Aston Villa F.C.,Premier League,2021/22,Defender,11,9,2,1
wikipedia,Cameron_Archer,Cameron Archer,Aston Villa F.C.,Premier League,2021/22,Forward,3,0,3,0
wikipedia,Carney_Chukwuemeka,Carney Chukwuemeka,Aston Villa F.C.,Premier League,2021/22,Midfielder,12,2,10,0
wikipedia,Danny_Ings,Danny Ings,Aston Villa F.C.,Premier League,2021/22,Forward,30,22,8,7
wikipedia,Douglas_Luiz,Douglas Luiz,Aston Villa F.C.,Premier League,2021/22,Midfielder,34,31,3,2
wikipedia,Emiliano_Buendía,Emiliano Buendía,Aston Villa F.C.,Premier League,2021/22,Midfielder,35,22,13,4
wikipedia,Emiliano_Martínez,Emiliano Martínez,Aston Villa F.C.,Premier League,2021/22,Goalkeeper,36,36,0,0
wikipedia,Ezri_Konsa,Ezri Konsa,Aston Villa F.C.,Premier League,2021/22,Defender,29,29,0,2
wikipedia,Jacob_Ramsey,Jacob Ramsey,Aston Villa F.C.,Premier League,2021/22,Midfielder,34,29,5,6
wikipedia,Jaden_Philogene,Jaden Philogene,Aston Villa F.C.,Premier League,2021/22,Forward,1,0,1,0
wikipedia,Jed_Steer,Jed Steer,Aston Villa F.C.,Premier League,2021/22,Goalkeeper,1,1,0,0
wikipedia,John_McGinn,John McGinn,Aston Villa F.C.,Premier League,2021/22,Midfielder,35,35,0,3
wikipedia,Keinan_Davis,Keinan Davis,Aston Villa F.C.,Premier League,2021/22,Forward,1,0,1,0
wikipedia,Kortney_Hause,Kortney Hause,Aston Villa F.C.,Premier League,2021/22,Defender,7,4,3,1
wikipedia,Leon_Bailey,Leon Bailey,Aston Villa F.C.,Premier League,2021/22,Forward,18,7,11,1
wikipedia,Lucas_Digne,Lucas Digne,Aston Villa F.C.,Premier League,2021/22,Defender,16,16,0,0
wikipedia,Marvelous_Nakamba,Marvelous Nakamba,Aston Villa F.C.,Premier League,2021/22,Midfielder,16,10,6,0
wikipedia,Matt_Targett,Matt Targett,Aston Villa F.C.,Premier League,2021/22,Defender,17,17,0,1
wikipedia,Matty_Cash,Matty Cash,Aston Villa F.C.,Premier League,2021/22,Defender,38,38,0,4
wikipedia,Morgan_Sanson,Morgan Sanson,Aston Villa F.C.,Premier League,2021/22,Midfielder,10,3,7,0
wikipedia,Ollie_Watkins,Ollie Watkins,Aston Villa F.C.,Premier League,2021/22,Forward,35,33,2,11
wikipedia,Philippe_Coutinho,Philippe Coutinho,Aston Villa F.C.,Premier League,2021/22,Midfielder,19,16,3,5
wikipedia,Robin_Olsen,Robin Olsen,Aston Villa F.C.,Premier League,2021/22,Goalkeeper,1,1,0,0
wikipedia,Tim_Iroegbunam,Tim Iroegbunam,Aston Villa F.C.,Premier League,2021/22,Midfielder,3,1,2,0
wikipedia,Trézéguet_(Egyptian_footballer),Trézéguet,Aston Villa F.C.,Premier League,2021/22,Forward,1,0,1,0
wikipedia,Tyrone_Mings,Tyrone Mings,Aston Villa F.C.,Premier League,2021/22,Defender,36,35,1,1
wikipedia,Wesley_Moraes,Wesley,Aston Villa F.C.,Premier League,2021/22,Forward,1,0,1,0
wikipedia,Bryan_Mbeumo,Bryan Mbeumo,Brentford F.C.,Premier League,2021/22,Midfielder,35,34,1,4
wikipedia,Charlie_Goode,Charlie Goode,Brentford F.C.,Premier League,2021/22,Defender,6,4,2,0
wikipedia,Christian_Eriksen,Christian Eriksen,Brentford F.C.,Premier League,2021/22,Midfielder,11,10,1,1
wikipedia,Christian_Nørgaard,Christian Nørgaard,Brentford F.C.,Premier League,2021/22,Midfielder,35,35,0,3
wikipedia,David_Raya,David Raya,Brentford F.C.,Premier League,2021/22,Goalkeeper,24,24,0,0
wikipedia,Dominic_Thompson_(footballer),Dominic Thompson,Brentford F.C.,Premier League,2021/22,Defender,2,2,0,0
wikipedia,Ethan_Pinnock,Ethan Pinnock,Brentford F.C.,Premier League,2021/22,Defender,32,32,0,1
wikipedia,Fin_Stevens,Fin Stevens,Brentford F.C.,Premier League,2021/22,Defender,1,0,1,0
wikipedia,Frank_Onyeka,Frank Onyeka,Brentford F.C.,Premier League,2021/22,Midfielder,20,12,8,0
wikipedia,Ivan_Toney,Ivan Toney,Brentford F.C.,Premier League,2021/22,Forward,33,32,1,12
wikipedia,Jonas_Lössl,Jonas Lössl,Brentford F.C.,Premier League,2021/22,Goalkeeper,2,2,0,0
wikipedia,Josh_Dasilva,Josh Dasilva,Brentford F.C.,Premier League,2021/22,Midfielder,9,2,7,0
wikipedia,Kristoffer_Ajer,Kristoffer Ajer,Brentford F.C.,Premier League,2021/22,Defender,24,23,1,1
wikipedia,Mads_Bech_Sørensen,Mads Bech Sørensen,Brentford F.C.,Premier League,2021/22,Defender,11,9,2,0
wikipedia,Mads_Bidstrup,Mads Bidstrup,Brentford F.C.,Premier League,2021/22,Midfielder,4,0,4,0
wikipedia,Mads_Roerslev,Mads Roerslev,Brentford F.C.,Premier League,2021/22,Defender,21,12,9,1
wikipedia,Marcus_Forss,Marcus Forss,Brentford F.C.,Premier League,2021/22,Forward,7,1,6,0
wikipedia,Mathias_Jensen,Mathias Jensen,Brentford F.C.,Premier League,2021/22,Midfielder,31,19,12,0
wikipedia,Nathan_Young-Coombes,Nathan Young-Coombes,Brentford F.C.,Premier League,2021/22,Forward,1,0,1,0
wikipedia,Pontus_Jansson,Pontus Jansson,Brentford F.C.,Premier League,2021/22,Defender,37,37,0,3
wikipedia,Rico_Henry,Rico Henry,Brentford F.C.,Premier League,2021/22,Defender,34,33,1,3
wikipedia,Saman_Ghoddos,Saman Ghoddos,Brentford F.C.,Premier League,2021/22,Midfielder,17,4,13,1
wikipedia,Sergi_Canós,Sergi Canós,Brentford F.C.,Premier League,2021/22,Midfielder,31,26,5,3
wikipedia,Shandon_Baptiste,Shandon Baptiste,Brentford F.C.,Premier League,2021/22,Midfielder,22,10,12,1
wikipedia,Tariqe_Fosu,Tariqe Fosu,Brentford F.C.,Premier League,2021/22,Midfielder,1,0,1,0
wikipedia,Vitaly_Janelt,Vitaly Janelt,Brentford F.C.,Premier League,2021/22,Midfielder,31,27,4,4
wikipedia,Yoane_Wissa,Yoane Wissa,Brentford F.C.,Premier League,2021/22,Midfielder,30,12,18,7
wikipedia,Mathias_Jørgensen,Zanka,Brentford F.C.,Premier League,2021/22,Defender,8,6,2,1
wikipedia,"Álvaro_Fernández_(footballer,_born_1998)",Álvaro Fernández,Brentford F.C.,Premier League,2021/22,Goalkeeper,12,12,0,0
wikipedia,Aaron_Connolly_(Irish_footballer),Aaron Connolly,Brighton & Hove Albion F.C.,Premier League,2021/22,Forward,4,1,3,0
wikipedia,Adam_Lallana,Adam Lallana,Brighton & Hove Albion F.C.,Premier League,2021/22,Midfielder,24,18,6,0
wikipedia,"Adam_Webster_(footballer,_born_1995)",Adam Webster,Brighton & Hove Albion F.C.,Premier League,2021/22,Defender,22,16,6,2
wikipedia,Alexis_Mac_Allister,Alexis Mac Allister,Brighton & Hove Albion F.C.,Premier League,2021/22,Midfielder,33,22,11,5
wikipedia,Dan_Burn,Dan Burn,Brighton & Hove Albion F.C.,Premier League,2021/22,Defender,13,12,1,1
wikipedia,Danny_Welbeck,Danny Welbeck,Brighton & Hove Albion F.C.,Premier League,2021/22,Forward,25,16,9,6
wikipedia,Enock_Mwepu,Enock Mwepu,Brighton & Hove Albion F.C.,Premier League,2021/22,Midfielder,18,12,6,2
wikipedia,Evan_Ferguson,Evan Ferguson,Brighton & Hove Albion F.C.,Premier League,2021/22,Forward,1,0,1,0
wikipedia,Jakub_Moder,Jakub Moder,Brighton & Hove Albion F.C.,Premier League,2021/22,Midfielder,28,20,8,0
wikipedia,Jason_Steele_(footballer),Jason Steele,Brighton & Hove Albion F.C.,Premier League,2021/22,Goalkeeper,1,1,0,0
wikipedia,Jeremy_Sarmiento,Jeremy Sarmiento,Brighton & Hove Albion F.C.,Premier League,2021/22,Forward,5,1,4,0
wikipedia,Joël_Veltman,Joël Veltman,Brighton & Hove Albion F.C.,Premier League,2021/22,Defender,34,33,1,1
wikipedia,Jürgen_Locadia,Jürgen Locadia,Brighton & Hove Albion F.C.,Premier League,2021/22,Forward,1,0,1,0
wikipedia,Leandro_Trossard,Leandro Trossard,Brighton & Hove Albion F.C.,Premier League,2021/22,Forward,34,32,2,8
wikipedia,Lewis_Dunk,Lewis Dunk,Brighton & Hove Albion F.C.,Premier League,2021/22,Defender,29,29,0,1
wikipedia,Marc_Cucurella,Marc Cucurella,Brighton & Hove Albion F.C.,Premier League,2021/22,Defender,35,35,0,1
wikipedia,Neal_Maupay,Neal Maupay,Brighton & Hove Albion F.C.,Premier League,2021/22,Forward,32,25,7,8
wikipedia,Pascal_Groß,Pascal Groß,Brighton & Hove Albion F.C.,Premier League,2021/22,Midfielder,29,24,5,2
wikipedia,Robert_Sánchez,Robert Sánchez,Brighton & Hove Albion F.C.,Premier League,2021/22,Goalkeeper,37,37,0,0
wikipedia,Shane_Duffy,Shane Duffy,Brighton & Hove Albion F.C.,Premier League,2021/22,Defender,18,15,3,1
wikipedia,Solly_March,Solly March,Brighton & Hove Albion F.C.,Premier League,2021/22,Defender,31,17,14,0
wikipedia,Steven_Alzate,Steven Alzate,Brighton & Hove Albion F.C.,Premier League,2021/22,Midfielder,9,4,5,0
wikipedia,Tariq_Lamptey,Tariq Lamptey,Brighton & Hove Albion F.C.,Premier League,2021/22,Defender,30,16,14,0
wikipedia,Taylor_Richards,Taylor Richards,Brighton & Hove Albion F.C.,Premier League,2021/22,Midfielder,2,0,2,0
wikipedia,Yves_Bissouma,Yves Bissouma,Brighton & Hove Albion F.C.,Premier League,2021/22,Midfielder,26,25,1,1
wikipedia,Aaron_Lennon,Aaron Lennon,Burnley F.C.,Premier League,2021/22,Midfielder,28,17,11,2
wikipedia,Ashley_Barnes,Ashley Barnes,Burnley F.C.,Premier League,2021/22,Forward,23,8,15,1
wikipedia,"Ashley_Westwood_(footballer,_born_1990)",Ashley Westwood,Burnley F.C.,Premier League,2021/22,Midfielder,27,26,1,0
wikipedia,Ben_Mee,Ben Mee,Burnley F.C.,Premier League,2021/22,Defender,21,21,0,3
wikipedia,"Charlie_Taylor_(footballer,_born_1993)",Charlie Taylor,Burnley F.C.,Premier League,2021/22,Defender,31,30,1,0
wikipedia,"Chris_Wood_(footballer,_born_1991)",Chris Wood,Burnley F.C.,Premier League,2021/22,Forward,17,17,0,3
wikipedia,"Connor_Roberts_(footballer,_born_1995)",Connor Roberts,Burnley F.C.,Premier League,2021/22,Defender,21,19,2,1
wikipedia,Dale_Stephens_(footballer),Dale Stephens,Burnley F.C.,Premier League,2021/22,Midfielder,3,1,2,0
wikipedia,Dwight_McNeil,Dwight McNeil,Burnley F.C.,Premier League,2021/22,Midfielder,38,35,3,0
wikipedia,Erik_Pieters,Erik Pieters,Burnley F.C.,Premier League,2021/22,Defender,12,8,4,0
wikipedia,Jack_Cork,Jack Cork,Burnley F.C.,Premier League,2021/22,Midfielder,20,20,0,1
wikipedia,James_Tarkowski,James Tarkowski,Burnley F.C.,Premier League,2021/22,Defender,35,35,0,1
wikipedia,Jay_Rodriguez,Jay Rodriguez,Burnley F.C.,Premier League,2021/22,Forward,29,13,16,2
wikipedia,Josh_Brownhill,Josh Brownhill,Burnley F.C.,Premier League,2021/22,Midfielder,35,32,3,2
wikipedia,Jóhann_Berg_Guðmundsson,Jóhann Berg Guðmundsson,Burnley F.C.,Premier League,2021/22,Midfielder,18,13,5,0
wikipedia,Kevin_Long_(footballer),Kevin Long,Burnley F.C.,Premier League,2021/22,Defender,6,4,2,0
wikipedia,Matthew_Lowton,Matthew Lowton,Burnley F.C.,Premier League,2021/22,Defender,25,20,5,1
wikipedia,Matěj_Vydra,Matěj Vydra,Burnley F.C.,Premier League,2021/22,Forward,22,5,17,2
wikipedia,Maxwel_Cornet,Maxwel Cornet,Burnley F.C.,Premier League,2021/22,Forward,26,21,5,9
wikipedia,Nathan_Collins,Nathan Collins,Burnley F.C.,Premier League,2021/22,Defender,19,18,1,2
wikipedia,Nick_Pope_(footballer),Nick Pope,Burnley F.C.,Premier League,2021/22,Goalkeeper,36,36,0,0
wikipedia,Wayne_Hennessey,Wayne Hennessey,Burnley F.C.,Premier League,2021/22,Goalkeeper,2,2,0,0
wikipedia,Wout_Weghorst,Wout Weghorst,Burnley F.C.,Premier League,2021/22,Forward,20,17,3,2
wikipedia,Andreas_Christensen,Andreas Christensen,Chelsea F.C.,Premier League,2021/22,Defender,19,,,0
wikipedia,Antonio_Rüdiger,Antonio Rüdiger,Chelsea F.C.,Premier League,2021/22,Defender,34,,,3
wikipedia,Ben_Chilwell,Ben Chilwell,Chelsea F.C.,Premier League,2021/22,Defender,7,,,3
wikipedia,Callum_Hudson-Odoi,Callum Hudson-Odoi,Chelsea F.C.,Premier League,2021/22,Forward,15,,,1
wikipedia,Christian_Pulisic,Christian Pulisic,Chelsea F.C.,Premier League,2021/22,Forward,22,,,6
wikipedia,César_Azpilicueta,César Azpilicueta,Chelsea F.C.,Premier League,2021/22,Defender,27,,,1
wikipedia,Emerson_Palmieri,Emerson,Chelsea F.C.,Premier League,2021/22,Defender,1,,,0
wikipedia,Hakim_Ziyech,Hakim Ziyech,Chelsea F.C.,Premier League,2021/22,Forward,23,,,4
wikipedia,"Jorginho_(footballer,_born_December_1991)",Jorginho,Chelsea F.C.,Premier League,2021/22,Midfielder,29,,,6
wikipedia,Kai_Havertz,Kai Havertz,Chelsea F.C.,Premier League,2021/22,Forward,29,,,8
wikipedia,Kenedy_(footballer),Kenedy,Chelsea F.C.,Premier League,2021/22,Forward,1,,,0
wikipedia,Kepa_Arrizabalaga,Kepa Arrizabalaga,Chelsea F.C.,Premier League,2021/22,Goalkeeper,4,,,0
wikipedia,Malang_Sarr,Malang Sarr,Chelsea F.C.,Premier League,2021/22,Defender,8,,,0
wikipedia,"Marcos_Alonso_(footballer,_born_1990)",Marcos Alonso,Chelsea F.C.,Premier League,2021/22,Defender,28,,,4
wikipedia,Mason_Mount,Mason Mount,Chelsea F.C.,Premier League,2021/22,Midfielder,32,,,11
wikipedia,Mateo_Kovačić,Mateo Kovačić,Chelsea F.C.,Premier League,2021/22,Midfielder,25,,,2
wikipedia,N'Golo_Kanté,N'Golo Kanté,Chelsea F.C.,Premier League,2021/22,Midfielder,26,,,2
wikipedia,"Reece_James_(footballer,_born_1999)",Reece James,Chelsea F.C.,Premier League,2021/22,Defender,26,,,5
wikipedia,Romelu_Lukaku,Romelu Lukaku,Chelsea F.C.,Premier League,2021/22,Forward,26,,,8
wikipedia,Ross_Barkley,Ross Barkley,Chelsea F.C.,Premier League,2021/22,Midfielder,6,,,1
wikipedia,Ruben_Loftus-Cheek,Ruben Loftus-Cheek,Chelsea F.C.,Premier League,2021/22,Midfielder,23,,,0
wikipedia,"Saúl_(footballer,_born_1994)",Saúl,Chelsea F.C.,Premier League,2021/22,Midfielder,10,,,0
wikipedia,Thiago_Silva,Thiago Silva,Chelsea F.C.,Premier League,2021/22,Defender,32,,,3
wikipedia,Timo_Werner,Timo Werner,Chelsea F.C.,Premier League,2021/22,Forward,21,,,4
wikipedia,Trevoh_Chalobah,Trevoh Chalobah,Chelsea F.C.,Premier League,2021/22,Defender,20,,,3
wikipedia,Édouard_Mendy,Édouard Mendy,Chelsea F.C.,Premier League,2021/22,Goalkeeper,33,,,0
wikipedia,Cheikhou_Kouyaté,Cheikhou Kouyaté,Crystal Palace F.C.,Premier League,2021/22,Midfielder,27,23,4,0
wikipedia,Christian_Benteke,Christian Benteke,Crystal Palace F.C.,Premier League,2021/22,Forward,25,11,14,4
wikipedia,Conor_Gallagher,Conor Gallagher,Crystal Palace F.C.,Premier League,2021/22,Midfielder,34,33,1,8
wikipedia,Eberechi_Eze,Eberechi Eze,Crystal Palace F.C.,Premier League,2021/22,Midfielder,13,6,7,1
wikipedia,Jack_Butland,Jack Butland,Crystal Palace F.C.,Premier League,2021/22,Goalkeeper,9,8,1,0
wikipedia,James_McArthur,James McArthur,Crystal Palace F.C.,Premier League,2021/22,Midfielder,21,15,6,0
wikipedia,James_Tomkins_(footballer),James Tomkins,Crystal Palace F.C.,Premier League,2021/22,Defender,8,6,2,1
wikipedia,Jaïro_Riedewald,Jaïro Riedewald,Crystal Palace F.C.,Premier League,2021/22,Midfielder,3,1,2,0
wikipedia,Jean-Philippe_Mateta,Jean-Philippe Mateta,Crystal Palace F.C.,Premier League,2021/22,Forward,22,13,9,5
wikipedia,Jeffrey_Schlupp,Jeffrey Schlupp,Crystal Palace F.C.,Premier League,2021/22,Midfielder,32,20,12,4
wikipedia,Jesurun_Rak-Sakyi,Jesurun Rak-Sakyi,Crystal Palace F.C.,Premier League,2021/22,Midfielder,2,1,1,0
wikipedia,Joachim_Andersen_(footballer),Joachim Andersen,Crystal Palace F.C.,Premier League,2021/22,Defender,34,32,2,0
wikipedia,Joel_Ward_(footballer),Joel Ward,Crystal Palace F.C.,Premier League,2021/22,Defender,28,27,1,0
wikipedia,Jordan_Ayew,Jordan Ayew,Crystal Palace F.C.,Premier League,2021/22,Forward,31,23,8,3
wikipedia,Luka_Milivojević,Luka Milivojević,Crystal Palace F.C.,Premier League,2021/22,Midfielder,15,9,6,0
wikipedia,Marc_Guéhi,Marc Guéhi,Crystal Palace F.C.,Premier League,2021/22,Defender,36,36,0,2
wikipedia,Michael_Olise,Michael Olise,Crystal Palace F.C.,Premier League,2021/22,Midfielder,26,12,14,2
wikipedia,"Nathan_Ferguson_(footballer,_born_2000)",Nathan Ferguson,Crystal Palace F.C.,Premier League,2021/22,Defender,1,0,1,0
wikipedia,Nathaniel_Clyne,Nathaniel Clyne,Crystal Palace F.C.,Premier League,2021/22,Defender,16,15,1,0
wikipedia,Odsonne_Édouard,Odsonne Édouard,Crystal Palace F.C.,Premier League,2021/22,Forward,28,18,10,6
wikipedia,Tyrick_Mitchell,Tyrick Mitchell,Crystal Palace F.C.,Premier League,2021/22,Defender,36,35,1,0
wikipedia,Vicente_Guaita,Vicente Guaita,Crystal Palace F.C.,Premier League,2021/22,Goalkeeper,30,30,0,0
wikipedia,Wilfried_Zaha,Wilfried Zaha,Crystal Palace F.C.,Premier League,2021/22,Forward,33,31,2,14
wikipedia,Will_Hughes,Will Hughes,Crystal Palace F.C.,Premier League,2021/22,Midfielder,16,13,3,0
wikipedia,Abdoulaye_Doucouré,Abdoulaye Doucouré,Everton F.C.,Premier League,2021/22,Midfielder,30,29,1,2
wikipedia,Alex_Iwobi,Alex Iwobi,Everton F.C.,Premier League,2021/22,Forward,28,22,6,2
wikipedia,"Allan_(footballer,_born_1991)",Allan,Everton F.C.,Premier League,2021/22,Midfielder,28,25,3,0
wikipedia,Andros_Townsend,Andros Townsend,Everton F.C.,Premier League,2021/22,Forward,21,17,4,3
wikipedia,André_Gomes,André Gomes,Everton F.C.,Premier League,2021/22,Midfielder,14,7,7,0
wikipedia,Anthony_Gordon_(footballer),Anthony Gordon,Everton F.C.,Premier League,2021/22,Forward,35,25,10,4
wikipedia,Anwar_El_Ghazi,Anwar El Ghazi,Everton F.C.,Premier League,2021/22,Forward,2,0,2,0
wikipedia,Asmir_Begović,Asmir Begović,Everton F.C.,Premier League,2021/22,Goalkeeper,3,3,0,0
wikipedia,Ben_Godfrey,Ben Godfrey,Everton F.C.,Premier League,2021/22,Defender,23,23,0,0
wikipedia,Cenk_Tosun,Cenk Tosun,Everton F.C.,Premier League,2021/22,Forward,1,0,1,0
wikipedia,Dele_Alli,Dele Alli,Everton F.C.,Premier League,2021/22,Forward,11,1,10,0
wikipedia,Demarai_Gray,Demarai Gray,Everton F.C.,Premier League,2021/22,Forward,34,28,6,5
wikipedia,Dominic_Calvert-Lewin,Dominic Calvert-Lewin,Everton F.C.,Premier League,2021/22,Forward,17,15,2,5
wikipedia,Donny_van_de_Beek,Donny van de Beek,Everton F.C.,Premier League,2021/22,Midfielder,7,5,2,1
wikipedia,Ellis_Simms,Ellis Simms,Everton F.C.,Premier League,2021/22,Forward,1,1,0,0
wikipedia,Fabian_Delph,Fabian Delph,Everton F.C.,Premier League,2021/22,Midfielder,11,8,3,0
wikipedia,Isaac_Price,Isaac Price,Everton F.C.,Premier League,2021/22,Midfielder,1,0,1,0
wikipedia,Jarrad_Branthwaite,Jarrad Branthwaite,Everton F.C.,Premier League,2021/22,Defender,6,4,2,1
wikipedia,Jean-Philippe_Gbamin,Jean-Philippe Gbamin,Everton F.C.,Premier League,2021/22,Midfielder,3,1,2,0
wikipedia,Jonjoe_Kenny,Jonjoe Kenny,Everton F.C.,Premier League,2021/22,Defender,15,11,4,0
wikipedia,Jordan_Pickford,Jordan Pickford,Everton F.C.,Premier League,2021/22,Goalkeeper,35,35,0,0
wikipedia,Lewis_Dobbin,Lewis Dobbin,Everton F.C.,Premier League,2021/22,Forward,3,0,3,0
wikipedia,Lucas_Digne,Lucas Digne,Everton F.C.,Premier League,2021/22,Defender,13,13,0,0
wikipedia,Mason_Holgate,Mason Holgate,Everton F.C.,Premier League,2021/22,Defender,25,23,2,2
wikipedia,"Michael_Keane_(footballer,_born_1993)",Michael Keane,Everton F.C.,Premier League,2021/22,Defender,32,31,1,3
wikipedia,Moise_Kean,Moise Kean,Everton F.C.,Premier League,2021/22,Forward,1,0,1,0
wikipedia,Richarlison,Richarlison,Everton F.C.,Premier League,2021/22,Forward,30,28,2,10
wikipedia,Salomón_Rondón,Salomón Rondón,Everton F.C.,Premier League,2021/22,Forward,20,8,12,1
wikipedia,Séamus_Coleman,Séamus Coleman,Everton F.C.,Premier League,2021/22,Defender,30,30,0,1
wikipedia,"Tom_Davies_(footballer,_born_1998)",Tom Davies,Everton F.C.,Premier League,2021/22,Midfielder,6,2,4,1
wikipedia,Tyler_Onyango,Tyler Onyango,Everton F.C.,Premier League,2021/22,Midfielder,3,0,3,0
wikipedia,Vitaliy_Mykolenko,Vitaliy Mykolenko,Everton F.C.,Premier League,2021/22,Defender,13,12,1,1
wikipedia,Yerry_Mina,Yerry Mina,Everton F.C.,Premier League,2021/22,Defender,13,11,2,0
wikipedia,Adam_Forshaw,Adam Forshaw,Leeds United F.C.,Premier League,2021/22,Midfielder,22,17,5,0
wikipedia,Charlie_Cresswell,Charlie Cresswell,Leeds United F.C.,Premier League,2021/22,Defender,5,1,4,0
wikipedia,Cody_Drameh,Cody Drameh,Leeds United F.C.,Premier League,2021/22,Defender,3,1,2,0
wikipedia,Crysencio_Summerville,Crysencio Summerville,Leeds United F.C.,Premier League,2021/22,Midfielder,6,0,6,0
wikipedia,Daniel_James_(footballer),Daniel James,Leeds United F.C.,Premier League,2021/22,Midfielder,32,29,3,4
wikipedia,Diego_Llorente,Diego Llorente,Leeds United F.C.,Premier League,2021/22,Defender,28,28,0,3
wikipedia,Hélder_Costa_(footballer),Hélder Costa,Leeds United F.C.,Premier League,2021/22,Forward,1,0,1,0
wikipedia,Illan_Meslier,Illan Meslier,Leeds United F.C.,Premier League,2021/22,Goalkeeper,38,38,0,0
wikipedia,"Jack_Harrison_(footballer,_born_1996)",Jack Harrison,Leeds United F.C.,Premier League,2021/22,Midfielder,35,32,3,8
wikipedia,Jamie_Shackleton,Jamie Shackleton,Leeds United F.C.,Premier League,2021/22,Midfielder,14,7,7,0
wikipedia,Joe_Gelhardt,Joe Gelhardt,Leeds United F.C.,Premier League,2021/22,Forward,20,5,15,2
wikipedia,Junior_Firpo,Junior Firpo,Leeds United F.C.,Premier League,2021/22,Defender,24,19,5,0
wikipedia,Kalvin_Phillips,Kalvin Phillips,Leeds United F.C.,Premier League,2021/22,Midfielder,20,18,2,0
wikipedia,Kristoffer_Klaesson,Kristoffer Klaesson,Leeds United F.C.,Premier League,2021/22,Goalkeeper,1,0,1,0
wikipedia,Leo_Hjelde,Leo Hjelde,Leeds United F.C.,Premier League,2021/22,Defender,2,0,2,0
wikipedia,Lewis_Bate,Lewis Bate,Leeds United F.C.,Premier League,2021/22,Midfielder,3,1,2,0
wikipedia,Liam_Cooper,Liam Cooper,Leeds United F.C.,Premier League,2021/22,Defender,21,21,0,0
wikipedia,Liam_McCarron,Liam McCarron,Leeds United F.C.,Premier League,2021/22,Midfielder,1,0,1,0
wikipedia,Luke_Ayling,Luke Ayling,Leeds United F.C.,Premier League,2021/22,Defender,26,26,0,2
wikipedia,Mateusz_Klich,Mateusz Klich,Leeds United F.C.,Premier League,2021/22,Midfielder,33,26,7,1
wikipedia,Pascal_Struijk,Pascal Struijk,Leeds United F.C.,Premier League,2021/22,Defender,29,22,7,1
wikipedia,Patrick_Bamford,Patrick Bamford,Leeds United F.C.,Premier League,2021/22,Forward,9,7,2,2
wikipedia,"Raphinha_(footballer,_born_1996)",Raphinha,Leeds United F.C.,Premier League,2021/22,Midfielder,35,34,1,11
wikipedia,Robin_Koch,Robin Koch,Leeds United F.C.,Premier League,2021/22,Defender,20,17,3,0
wikipedia,"Rodrigo_(footballer,_born_1991)",Rodrigo,Leeds United F.C.,Premier League,2021/22,Forward,31,27,4,6
wikipedia,Sam_Greenwood_(footballer),Sam Greenwood,Leeds United F.C.,Premier League,2021/22,Forward,7,1,6,0
wikipedia,Stuart_Dallas,Stuart Dallas,Leeds United F.C.,Premier League,2021/22,Defender,34,34,0,1
wikipedia,Stuart_McKinstry,Stuart McKinstry,Leeds United F.C.,Premier League,2021/22,Midfielder,1,0,1,0
wikipedia,Tyler_Roberts,Tyler Roberts,Leeds United F.C.,Premier League,2021/22,Forward,23,7,16,1
wikipedia,Ademola_Lookman,Ademola Lookman,Leicester City F.C.,Premier League,2021/22,Forward,26,16,10,6
wikipedia,Ayoze_Pérez,Ayoze Pérez,Leicester City F.C.,Premier League,2021/22,Forward,14,6,8,2
wikipedia,Boubakary_Soumaré,Boubakary Soumaré,Leicester City F.C.,Premier League,2021/22,Midfielder,18,11,7,0
wikipedia,Daniel_Amartey,Daniel Amartey,Leicester City F.C.,Premier League,2021/22,Defender,28,23,5,0
wikipedia,Danny_Ward_(Welsh_footballer),Danny Ward,Leicester City F.C.,Premier League,2021/22,Goalkeeper,1,1,0,0
wikipedia,Hamza_Choudhury,Hamza Choudhury,Leicester City F.C.,Premier League,2021/22,Midfielder,6,4,2,0
wikipedia,Harvey_Barnes,Harvey Barnes,Leicester City F.C.,Premier League,2021/22,Midfielder,32,24,8,6
wikipedia,James_Justin,James Justin,Leicester City F.C.,Premier League,2021/22,Defender,13,11,2,0
wikipedia,James_Maddison,James Maddison,Leicester City F.C.,Premier League,2021/22,Midfielder,35,28,7,12
wikipedia,Jamie_Vardy,Jamie Vardy,Leicester City F.C.,Premier League,2021/22,Forward,25,20,5,15
wikipedia,Jannik_Vestergaard,Jannik Vestergaard,Leicester City F.C.,Premier League,2021/22,Defender,10,6,4,0
wikipedia,Jonny_Evans,Jonny Evans,Leicester City F.C.,Premier League,2021/22,Defender,18,16,2,1
wikipedia,Kasey_McAteer,Kasey McAteer,Leicester City F.C.,Premier League,2021/22,Midfielder,1,0,1,0
wikipedia,Kasper_Schmeichel,Kasper Schmeichel,Leicester City F.C.,Premier League,2021/22,Goalkeeper,37,37,0,0
wikipedia,Kelechi_Iheanacho,Kelechi Iheanacho,Leicester City F.C.,Premier League,2021/22,Forward,26,13,13,4
wikipedia,Kiernan_Dewsbury-Hall,Kiernan Dewsbury-Hall,Leicester City F.C.,Premier League,2021/22,Midfielder,28,23,5,1
wikipedia,Lewis_Brunt,Lewis Brunt,Leicester City F.C.,Premier League,2021/22,Midfielder,1,0,1,0
wikipedia,"Luke_Thomas_(footballer,_born_2001)",Luke Thomas,Leicester City F.C.,Premier League,2021/22,Defender,22,21,1,0
wikipedia,Marc_Albrighton,Marc Albrighton,Leicester City F.C.,Premier League,2021/22,Midfielder,17,11,6,1
wikipedia,Nampalys_Mendy,Nampalys Mendy,Leicester City F.C.,Premier League,2021/22,Midfielder,14,12,2,0
wikipedia,Patson_Daka,Patson Daka,Leicester City F.C.,Premier League,2021/22,Forward,23,13,10,5
wikipedia,"Ricardo_Pereira_(footballer,_born_1993)",Ricardo Pereira,Leicester City F.C.,Premier League,2021/22,Defender,14,13,1,1
wikipedia,Ryan_Bertrand,Ryan Bertrand,Leicester City F.C.,Premier League,2021/22,Defender,4,4,0,0
wikipedia,Timothy_Castagne,Timothy Castagne,Leicester City F.C.,Premier League,2021/22,Defender,26,21,5,1
wikipedia,Wesley_Fofana_(footballer),Wesley Fofana,Leicester City F.C.,Premier League,2021/22,Defender,7,7,0,0
wikipedia,Wilfred_Ndidi,Wilfred Ndidi,Leicester City F.C.,Premier League,2021/22,Midfielder,18,17,1,0
wikipedia,Youri_Tielemans,Youri Tielemans,Leicester City F.C.,Premier League,2021/22,Midfielder,32,29,3,6
wikipedia,Çağlar_Söyüncü,Çağlar Söyüncü,Leicester City F.C.,Premier League,2021/22,Defender,28,28,0,1
wikipedia,Alex_Oxlade-Chamberlain,Alex Oxlade-Chamberlain,Liverpool F.C.,Premier League,2021/22,Midfielder,17,9,8,2
wikipedia,Alisson_Becker,Alisson,Liverpool F.C.,Premier League,2021/22,Goalkeeper,36,36,0,0
wikipedia,Andy_Robertson,Andy Robertson,Liverpool F.C.,Premier League,2021/22,Defender,29,29,0,3
wikipedia,Caoimhín_Kelleher,Caoimhín Kelleher,Liverpool F.C.,Premier League,2021/22,Goalkeeper,2,2,0,0
wikipedia,"Curtis_Jones_(footballer,_born_2001)",Curtis Jones,Liverpool F.C.,Premier League,2021/22,Midfielder,15,10,5,1
wikipedia,Diogo_Jota,Diogo Jota,Liverpool F.C.,Premier League,2021/22,Forward,35,27,8,15
wikipedia,Divock_Origi,Divock Origi,Liverpool F.C.,Premier League,2021/22,Forward,7,0,7,3
wikipedia,"Fabinho_(footballer,_born_1993)",Fabinho,Liverpool F.C.,Premier League,2021/22,Midfielder,29,26,3,5
wikipedia,Harvey_Elliott,Harvey Elliott,Liverpool F.C.,Premier League,2021/22,Forward,6,4,2,0
wikipedia,Ibrahima_Konaté,Ibrahima Konaté,Liverpool F.C.,Premier League,2021/22,Defender,11,11,0,0
wikipedia,James_Milner,James Milner,Liverpool F.C.,Premier League,2021/22,,24,9,15,0
wikipedia,Joe_Gomez,Joe Gomez,Liverpool F.C.,Premier League,2021/22,,8,4,4,0
wikipedia,Jordan_Henderson,Jordan Henderson,Liverpool F.C.,Premier League,2021/22,Midfielder,35,29,6,2
wikipedia,Joël_Matip,Joël Matip,Liverpool F.C.,Premier League,2021/22,Defender,31,31,0,3
wikipedia,Kaide_Gordon,Kaide Gordon,Liverpool F.C.,Premier League,2021/22,Forward,1,0,1,0
wikipedia,Kostas_Tsimikas,Kostas Tsimikas,Liverpool F.C.,Premier League,2021/22,,13,9,4,0
wikipedia,"Luis_Díaz_(footballer,_born_1997)",Luis Díaz,Liverpool F.C.,Premier League,2021/22,Forward,13,11,2,4
wikipedia,Mohamed_Salah,Mohamed Salah,Liverpool F.C.,Premier League,2021/22,Forward,35,30,5,23
wikipedia,Naby_Keïta,Naby Keïta,Liverpool F.C.,Premier League,2021/22,Midfielder,23,14,9,3
wikipedia,Neco_Williams,Neco Williams,Liverpool F.C.,Premier League,2021/22,,1,0,1,0
wikipedia,Roberto_Firmino,Roberto Firmino,Liverpool F.C.,Premier League,2021/22,Forward,20,10,10,5
wikipedia,Sadio_Mané,Sadio Mané,Liverpool F.C.,Premier League,2021/22,Forward,34,32,2,16
wikipedia,Takumi_Minamino,Takumi Minamino,Liverpool F.C.,Premier League,2021/22,Forward,11,1,10,3
wikipedia,Thiago_Alcântara,Thiago,Liverpool F.C.,Premier League,2021/22,Midfielder,25,17,8,1
wikipedia,Trent_Alexander-Arnold,Trent Alexander-Arnold,Liverpool F.C.,Premier League,2021/22,Defender,32,32,0,2
wikipedia,Tyler_Morton,Tyler Morton,Liverpool F.C.,Premier League,2021/22,,2,1,1,0
wikipedia,Virgil_van_Dijk,Virgil van Dijk,Liverpool F.C.,Premier League,2021/22,Defender,34,34,0,3
wikipedia,Aymeric_Laporte,Aymeric Laporte,Manchester City F.C.,Premier League,2021/22,Defender,33,,,4
wikipedia,Benjamin_Mendy,Benjamin Mendy,Manchester City F.C.,Premier League,2021/22,,1,,,0
wikipedia,Bernardo_Silva,Bernardo Silva,Manchester City F.C.,Premier League,2021/22,Midfielder,35,,,8
wikipedia,CJ_Egan-Riley,CJ Egan-Riley,Manchester City F.C.,Premier League,2021/22,,1,,,0
wikipedia,Cole_Palmer,Cole Palmer,Manchester City F.C.,Premier League,2021/22,Midfielder,4,,,0
wikipedia,"Ederson_(footballer,_born_1993)",Ederson,Manchester City F.C.,Premier League,2021/22,,37,,,0
wikipedia,"Fernandinho_(footballer,_born_May_1985)",Fernandinho,Manchester City F.C.,Premier League,2021/22,Midfielder,19,,,2
wikipedia,Ferran_Torres,Ferran Torres,Manchester City F.C.,Premier League,2021/22,Forward,4,,,2
wikipedia,Gabriel_Jesus,Gabriel Jesus,Manchester City F.C.,Premier League,2021/22,Forward,28,,,8
wikipedia,Jack_Grealish,Jack Grealish,Manchester City F.C.,Premier League,2021/22,Midfielder,26,,,3
wikipedia,James_McAtee,James McAtee,Manchester City F.C.,Premier League,2021/22,,2,,,0
wikipedia,John_Stones,John Stones,Manchester City F.C.,Premier League,2021/22,Defender,14,,,1
wikipedia,João_Cancelo,João Cancelo,Manchester City F.C.,Premier League,2021/22,Defender,36,,,1
wikipedia,Kayky,Kayky,Manchester City F.C.,Premier League,2021/22,,1,,,0
wikipedia,Kevin_De_Bruyne,Kevin De Bruyne,Manchester City F.C.,Premier League,2021/22,Midfielder,30,,,15
wikipedia,Kyle_Walker,Kyle Walker,Manchester City F.C.,Premier League,2021/22,Defender,20,,,0
wikipedia,Liam_Delap,Liam Delap,Manchester City F.C.,Premier League,2021/22,,1,,,0
wikipedia,Nathan_Aké,Nathan Aké,Manchester City F.C.,Premier League,2021/22,Defender,14,,,2
wikipedia,Oleksandr_Zinchenko_(footballer),Oleksandr Zinchenko,Manchester City F.C.,Premier League,2021/22,,15,,,0
wikipedia,Phil_Foden,Phil Foden,Manchester City F.C.,Premier League,2021/22,Midfielder,28,,,9
wikipedia,Raheem_Sterling,Raheem Sterling,Manchester City F.C.,Premier League,2021/22,Forward,30,,,13
wikipedia,Riyad_Mahrez,Riyad Mahrez,Manchester City F.C.,Premier League,2021/22,Forward,28,,,11
wikipedia,"Rodri_(footballer,_born_1996)",Rodri,Manchester City F.C.,Premier League,2021/22,Midfielder,33,,,7
wikipedia,Rúben_Dias,Rúben Dias,Manchester City F.C.,Premier League,2021/22,,29,,,2
wikipedia,Aaron_Wan-Bissaka,Aaron Wan-Bissaka,Manchester United F.C.,Premier League,2021/22,Defender,20,20,0,0
wikipedia,Alejandro_Garnacho,Alejandro Garnacho,Manchester United F.C.,Premier League,2021/22,Forward,2,0,2,0
wikipedia,Alex_Telles,Alex Telles,Manchester United F.C.,Premier League,2021/22,Defender,21,18,3,0
wikipedia,Anthony_Elanga,Anthony Elanga,Manchester United F.C.,Premier League,2021/22,Forward,21,14,7,2
wikipedia,Anthony_Martial,Anthony Martial,Manchester United F.C.,Premier League,2021/22,Forward,8,2,6,1
wikipedia,Bruno_Fernandes,Bruno Fernandes,Manchester United F.C.,Premier League,2021/22,Midfielder,36,35,1,10
wikipedia,Cristiano_Ronaldo,Cristiano Ronaldo,Manchester United F.C.,Premier League,2021/22,Forward,30,27,3,18
wikipedia,Daniel_James_(footballer),Daniel James,Manchester United F.C.,Premier League,2021/22,Midfielder,2,2,0,0
wikipedia,David_de_Gea,David de Gea,Manchester United F.C.,Premier League,2021/22,Goalkeeper,38,38,0,0
wikipedia,Diogo_Dalot,Diogo Dalot,Manchester United F.C.,Premier League,2021/22,Defender,24,19,5,0
wikipedia,Donny_van_de_Beek,Donny van de Beek,Manchester United F.C.,Premier League,2021/22,Midfielder,8,0,8,1
wikipedia,Edinson_Cavani,Edinson Cavani,Manchester United F.C.,Premier League,2021/22,Forward,15,7,8,2
wikipedia,Eric_Bailly,Eric Bailly,Manchester United F.C.,Premier League,2021/22,Defender,4,3,1,0
wikipedia,"Fred_(footballer,_born_1993)",Fred,Manchester United F.C.,Premier League,2021/22,Midfielder,28,24,4,4
wikipedia,Hannibal_Mejbri,Hannibal Mejbri,Manchester United F.C.,Premier League,2021/22,Midfielder,2,1,1,0
wikipedia,Harry_Maguire,Harry Maguire,Manchester United F.C.,Premier League,2021/22,Defender,30,28,2,1
wikipedia,Jadon_Sancho,Jadon Sancho,Manchester United F.C.,Premier League,2021/22,Forward,29,20,9,3
wikipedia,Jesse_Lingard,Jesse Lingard,Manchester United F.C.,Premier League,2021/22,Midfielder,16,2,14,2
wikipedia,Juan_Mata,Juan Mata,Manchester United F.C.,Premier League,2021/22,Midfielder,7,2,5,0
wikipedia,Luke_Shaw,Luke Shaw,Manchester United F.C.,Premier League,2021/22,Defender,20,19,1,0
wikipedia,Marcus_Rashford,Marcus Rashford,Manchester United F.C.,Premier League,2021/22,Forward,25,13,12,4
wikipedia,Mason_Greenwood,Mason Greenwood,Manchester United F.C.,Premier League,2021/22,Forward,18,16,2,5
wikipedia,Nemanja_Matić,Nemanja Matić,Manchester United F.C.,Premier League,2021/22,Midfielder,23,16,7,0
wikipedia,Paul_Pogba,Paul Pogba,Manchester United F.C.,Premier League,2021/22,Midfielder,20,16,4,1
wikipedia,"Phil_Jones_(footballer,_born_1992)",Phil Jones,Manchester United F.C.,Premier League,2021/22,Defender,4,2,2,0
wikipedia,Raphaël_Varane,Raphaël Varane,Manchester United F.C.,Premier League,2021/22,Defender,22,20,2,1
wikipedia,Scott_McTominay,Scott McTominay,Manchester United F.C.,Premier League,2021/22,Midfielder,30,28,2,1
wikipedia,Shola_Shoretire,Shola Shoretire,Manchester United F.C.,Premier League,2021/22,Forward,1,0,1,0
wikipedia,Victor_Lindelöf,Victor Lindelöf,Manchester United F.C.,Premier League,2021/22,Defender,28,26,2,0
wikipedia,Allan_Saint-Maximin,Allan Saint-Maximin,Newcastle United F.C.,Premier League,2021/22,Midfielder,35,31,4,5
wikipedia,Bruno_Guimarães,Bruno Guimarães,Newcastle United F.C.,Premier League,2021/22,Midfielder,17,11,6,5
wikipedia,"Callum_Wilson_(footballer,_born_1992)",Callum Wilson,Newcastle United F.C.,Premier League,2021/22,Forward,18,16,2,8
wikipedia,"Chris_Wood_(footballer,_born_1991)",Chris Wood,Newcastle United F.C.,Premier League,2021/22,Forward,17,15,2,2
wikipedia,Ciaran_Clark,Ciaran Clark,Newcastle United F.C.,Premier League,2021/22,Defender,13,12,1,0
wikipedia,Dan_Burn,Dan Burn,Newcastle United F.C.,Premier League,2021/22,Defender,16,16,0,0
wikipedia,Dwight_Gayle,Dwight Gayle,Newcastle United F.C.,Premier League,2021/22,Forward,8,0,8,0
wikipedia,Emil_Krafth,Emil Krafth,Newcastle United F.C.,Premier League,2021/22,Defender,20,18,2,0
wikipedia,Fabian_Schär,Fabian Schär,Newcastle United F.C.,Premier League,2021/22,Defender,25,25,0,2
wikipedia,Federico_Fernández_(footballer),Federico Fernández,Newcastle United F.C.,Premier League,2021/22,Defender,7,5,2,0
wikipedia,Freddie_Woodman,Freddie Woodman,Newcastle United F.C.,Premier League,2021/22,Goalkeeper,4,4,0,0
wikipedia,Isaac_Hayden,Isaac Hayden,Newcastle United F.C.,Premier League,2021/22,Midfielder,14,12,2,1
wikipedia,Jacob_Murphy,Jacob Murphy,Newcastle United F.C.,Premier League,2021/22,Midfielder,32,13,19,1
wikipedia,Jamaal_Lascelles,Jamaal Lascelles,Newcastle United F.C.,Premier League,2021/22,Defender,25,22,3,1
wikipedia,Jamal_Lewis_(footballer),Jamal Lewis,Newcastle United F.C.,Premier League,2021/22,Defender,5,4,1,0
wikipedia,Javier_Manquillo,Javier Manquillo,Newcastle United F.C.,Premier League,2021/22,Defender,19,15,4,1
wikipedia,Jeff_Hendrick,Jeff Hendrick,Newcastle United F.C.,Premier League,2021/22,Midfielder,3,0,3,1
wikipedia,Joe_Willock,Joe Willock,Newcastle United F.C.,Premier League,2021/22,Midfielder,29,24,5,2
wikipedia,Joelinton,Joelinton,Newcastle United F.C.,Premier League,2021/22,Midfielder,34,29,5,4
wikipedia,Jonjo_Shelvey,Jonjo Shelvey,Newcastle United F.C.,Premier League,2021/22,Midfielder,24,22,2,2
wikipedia,Karl_Darlow,Karl Darlow,Newcastle United F.C.,Premier League,2021/22,Goalkeeper,8,8,0,0
wikipedia,Kieran_Trippier,Kieran Trippier,Newcastle United F.C.,Premier League,2021/22,Defender,6,5,1,2
wikipedia,Martin_Dúbravka,Martin Dúbravka,Newcastle United F.C.,Premier League,2021/22,Goalkeeper,26,26,0,0
wikipedia,Matt_Ritchie,Matt Ritchie,Newcastle United F.C.,Premier League,2021/22,Defender,17,14,3,0
wikipedia,Matt_Targett,Matt Targett,Newcastle United F.C.,Premier League,2021/22,Defender,16,16,0,0
wikipedia,Miguel_Almirón,Miguel Almirón,Newcastle United F.C.,Premier League,2021/22,Midfielder,28,19,9,1
wikipedia,Paul_Dummett,Paul Dummett,Newcastle United F.C.,Premier League,2021/22,Defender,3,2,1,0
wikipedia,Ryan_Fraser,Ryan Fraser,Newcastle United F.C.,Premier League,2021/22,Midfielder,27,18,9,2
wikipedia,Sean_Longstaff,Sean Longstaff,Newcastle United F.C.,Premier League,2021/22,Midfielder,24,15,9,1
wikipedia,Adam_Idah,Adam Idah,Norwich City F.C.,Premier League,2021/22,,17,6,11,1
wikipedia,Andrew_Omobamidele,Andrew Omobamidele,Norwich City F.C.,Premier League,2021/22,Defender,5,4,1,1
wikipedia,Angus_Gunn,Angus Gunn,Norwich City F.C.,Premier League,2021/22,Goalkeeper,9,9,0,0
wikipedia,Bali_Mumba,Bali Mumba,Norwich City F.C.,Premier League,2021/22,Defender,1,0,1,0
wikipedia,Ben_Gibson,Ben Gibson,Norwich City F.C.,Premier League,2021/22,Defender,28,28,0,0
wikipedia,Billy_Gilmour_(footballer),Billy Gilmour,Norwich City F.C.,Premier League,2021/22,Midfielder,24,21,3,0
wikipedia,Brandon_Williams_(footballer),Brandon Williams,Norwich City F.C.,Premier League,2021/22,Defender,26,23,3,0
wikipedia,Christoph_Zimmermann,Christoph Zimmermann,Norwich City F.C.,Premier League,2021/22,Defender,3,2,1,0
wikipedia,Christos_Tzolis,Christos Tzolis,Norwich City F.C.,Premier League,2021/22,Midfielder,14,3,11,0
wikipedia,Dimitris_Giannoulis,Dimitris Giannoulis,Norwich City F.C.,Premier League,2021/22,Defender,18,14,4,0
wikipedia,Grant_Hanley,Grant Hanley,Norwich City F.C.,Premier League,2021/22,Defender,33,33,0,1
wikipedia,"Jacob_Sørensen_(footballer,_born_1998)",Jacob Sørensen,Norwich City F.C.,Premier League,2021/22,Midfielder,10,6,4,0
wikipedia,"Jonathan_Rowe_(footballer,_born_2003)",Jonathan Rowe,Norwich City F.C.,Premier League,2021/22,,13,0,13,0
wikipedia,Josh_Sargent,Josh Sargent,Norwich City F.C.,Premier League,2021/22,,26,18,8,2
wikipedia,Kieran_Dowell,Kieran Dowell,Norwich City F.C.,Premier League,2021/22,Midfielder,19,11,8,1
wikipedia,Lukas_Rupp,Lukas Rupp,Norwich City F.C.,Premier League,2021/22,Midfielder,19,7,12,0
wikipedia,Mathias_Normann,Mathias Normann,Norwich City F.C.,Premier League,2021/22,Midfielder,23,20,3,1
wikipedia,Max_Aarons,Max Aarons,Norwich City F.C.,Premier League,2021/22,Defender,34,32,2,0
wikipedia,Milot_Rashica,Milot Rashica,Norwich City F.C.,Premier League,2021/22,Midfielder,31,25,6,1
wikipedia,Ozan_Kabak,Ozan Kabak,Norwich City F.C.,Premier League,2021/22,Defender,11,11,0,0
wikipedia,Pierre_Lees-Melou,Pierre Lees-Melou,Norwich City F.C.,Premier League,2021/22,Midfielder,32,26,6,1
wikipedia,Przemysław_Płacheta,Przemysław Płacheta,Norwich City F.C.,Premier League,2021/22,Midfielder,12,6,6,0
wikipedia,Sam_Byram,Sam Byram,Norwich City F.C.,Premier League,2021/22,Defender,15,11,4,0
wikipedia,Teemu_Pukki,Teemu Pukki,Norwich City F.C.,Premier League,2021/22,,37,37,0,11
wikipedia,Tim_Krul,Tim Krul,Norwich City F.C.,Premier League,2021/22,Goalkeeper,29,29,0,0
wikipedia,Todd_Cantwell,Todd Cantwell,Norwich City F.C.,Premier League,2021/22,Midfielder,8,5,3,0
wikipedia,Tony_Springett,Tony Springett,Norwich City F.C.,Premier League,2021/22,Midfielder,3,1,2,0
wikipedia,Adam_Armstrong_(footballer),Adam Armstrong,Southampton F.C.,Premier League,2021/22,Forward,23,17,6,2
wikipedia,Alex_McCarthy,Alex McCarthy,Southampton F.C.,Premier League,2021/22,Goalkeeper,17,17,0,0
wikipedia,Armando_Broja,Armando Broja,Southampton F.C.,Premier League,2021/22,Forward,32,21,11,6
wikipedia,Ché_Adams,Ché Adams,Southampton F.C.,Premier League,2021/22,Forward,30,23,7,7
wikipedia,Fraser_Forster,Fraser Forster,Southampton F.C.,Premier League,2021/22,Goalkeeper,19,19,0,0
wikipedia,"Ibrahima_Diallo_(footballer,_born_1999)",Ibrahima Diallo,Southampton F.C.,Premier League,2021/22,Midfielder,23,10,13,0
wikipedia,Jack_Stephens_(footballer),Jack Stephens,Southampton F.C.,Premier League,2021/22,Defender,11,9,2,0
wikipedia,James_Ward-Prowse,James Ward-Prowse,Southampton F.C.,Premier League,2021/22,Midfielder,36,36,0,10
wikipedia,Jan_Bednarek,Jan Bednarek,Southampton F.C.,Premier League,2021/22,Defender,31,30,1,4
wikipedia,Kyle_Walker-Peters,Kyle Walker-Peters,Southampton F.C.,Premier League,2021/22,Defender,32,29,3,1
wikipedia,Lyanco,Lyanco,Southampton F.C.,Premier League,2021/22,Defender,15,9,6,0
wikipedia,Mohamed_Elyounoussi,Mohamed Elyounoussi,Southampton F.C.,Premier League,2021/22,Midfielder,30,23,7,4
wikipedia,Mohammed_Salisu,Mohammed Salisu,Southampton F.C.,Premier League,2021/22,Defender,34,33,1,0
wikipedia,Moussa_Djenepo,Moussa Djenepo,Southampton F.C.,Premier League,2021/22,Midfielder,12,5,7,0
wikipedia,Nathan_Redmond,Nathan Redmond,Southampton F.C.,Premier League,2021/22,Midfielder,27,20,7,1
wikipedia,Nathan_Tella,Nathan Tella,Southampton F.C.,Premier League,2021/22,Midfielder,14,10,4,0
wikipedia,Oriol_Romeu,Oriol Romeu,Southampton F.C.,Premier League,2021/22,Midfielder,36,34,2,2
wikipedia,Romain_Perraud,Romain Perraud,Southampton F.C.,Premier League,2021/22,Defender,20,18,2,0
wikipedia,Shane_Long,Shane Long,Southampton F.C.,Premier League,2021/22,Forward,13,3,10,1
wikipedia,Stuart_Armstrong,Stuart Armstrong,Southampton F.C.,Premier League,2021/22,Midfielder,25,15,10,2
wikipedia,Theo_Walcott,Theo Walcott,Southampton F.C.,Premier League,2021/22,Midfielder,9,5,4,0
wikipedia,Tino_Livramento,Tino Livramento,Southampton F.C.,Premier League,2021/22,Defender,28,25,3,1
wikipedia,Will_Smallbone,Will Smallbone,Southampton F.C.,Premier League,2021/22,Midfielder,4,2,2,0
wikipedia,Willy_Caballero,Willy Caballero,Southampton F.C.,Premier League,2021/22,Goalkeeper,2,2,0,0
wikipedia,Yan_Valery,Yan Valery,Southampton F.C.,Premier League,2021/22,Defender,5,3,2,0
wikipedia,"Ben_Davies_(footballer,_born_1993)",Ben Davies,Tottenham Hotspur F.C.,Premier League,2021/22,Defender,29,28,1,1
wikipedia,Bryan_Gil,Bryan Gil,Tottenham Hotspur F.C.,Premier League,2021/22,Forward,9,0,9,0
wikipedia,"Cristian_Romero_(footballer,_born_1998)",Cristian Romero,Tottenham Hotspur F.C.,Premier League,2021/22,Defender,22,21,1,1
wikipedia,Dane_Scarlett,Dane Scarlett,Tottenham Hotspur F.C.,Premier League,2021/22,Forward,1,0,1,0
wikipedia,Davinson_Sánchez,Davinson Sánchez,Tottenham Hotspur F.C.,Premier League,2021/22,Defender,23,17,6,2
wikipedia,Dejan_Kulusevski,Dejan Kulusevski,Tottenham Hotspur F.C.,Premier League,2021/22,Forward,18,14,4,5
wikipedia,Dele_Alli,Dele Alli,Tottenham Hotspur F.C.,Premier League,2021/22,Midfielder,10,8,2,1
wikipedia,Emerson_Royal,Emerson Royal,Tottenham Hotspur F.C.,Premier League,2021/22,Defender,31,26,5,1
wikipedia,Eric_Dier,Eric Dier,Tottenham Hotspur F.C.,Premier League,2021/22,Defender,35,35,0,0
wikipedia,Giovani_Lo_Celso,Giovani Lo Celso,Tottenham Hotspur F.C.,Premier League,2021/22,Midfielder,9,2,7,0
wikipedia,Harry_Kane,Harry Kane,Tottenham Hotspur F.C.,Premier League,2021/22,Forward,37,36,1,17
wikipedia,Harry_Winks,Harry Winks,Tottenham Hotspur F.C.,Premier League,2021/22,Midfielder,19,9,10,0
wikipedia,Hugo_Lloris,Hugo Lloris,Tottenham Hotspur F.C.,Premier League,2021/22,Goalkeeper,38,38,0,0
wikipedia,Japhet_Tanganga,Japhet Tanganga,Tottenham Hotspur F.C.,Premier League,2021/22,Defender,11,10,1,0
wikipedia,Joe_Rodon,Joe Rodon,Tottenham Hotspur F.C.,Premier League,2021/22,Defender,3,0,3,0
wikipedia,Lucas_Moura,Lucas Moura,Tottenham Hotspur F.C.,Premier League,2021/22,Forward,33,19,14,2
wikipedia,"Matt_Doherty_(footballer,_born_1992)",Matt Doherty,Tottenham Hotspur F.C.,Premier League,2021/22,Defender,15,9,6,2
wikipedia,Oliver_Skipp,Oliver Skipp,Tottenham Hotspur F.C.,Premier League,2021/22,Midfielder,18,14,4,0
wikipedia,Pierre-Emile_Højbjerg,Pierre-Emile Højbjerg,Tottenham Hotspur F.C.,Premier League,2021/22,Midfielder,36,36,0,2
wikipedia,Rodrigo_Bentancur,Rodrigo Bentancur,Tottenham Hotspur F.C.,Premier League,2021/22,Midfielder,17,16,1,0
wikipedia,Ryan_Sessegnon,Ryan Sessegnon,Tottenham Hotspur F.C.,Premier League,2021/22,Defender,15,13,2,0
wikipedia,Sergio_Reguilón,Sergio Reguilón,Tottenham Hotspur F.C.,Premier League,2021/22,Defender,25,22,3,2
wikipedia,Steven_Bergwijn,Steven Bergwijn,Tottenham Hotspur F.C.,Premier League,2021/22,Forward,25,4,21,3
wikipedia,Tanguy_Ndombele,Tanguy Ndombele,Tottenham Hotspur F.C.,Premier League,2021/22,Midfielder,9,6,3,1
wikipedia,Adam_Masina,Adam Masina,Watford F.C.,Premier League,2021/22,Defender,15,13,2,0
wikipedia,Ashley_Fletcher,Ashley Fletcher,Watford F.C.,Premier League,2021/22,Forward,3,0,3,0
wikipedia,Ben_Foster_(footballer),Ben Foster,Watford F.C.,Premier League,2021/22,Goalkeeper,26,26,0,0
wikipedia,Christian_Kabasele,Christian Kabasele,Watford F.C.,Premier League,2021/22,Defender,16,12,4,0
wikipedia,Craig_Cathcart,Craig Cathcart,Watford F.C.,Premier League,2021/22,Defender,31,27,4,0
wikipedia,Cucho_Hernández,Cucho Hernández,Watford F.C.,Premier League,2021/22,Forward,25,12,13,5
wikipedia,Dan_Gosling,Dan Gosling,Watford F.C.,Premier League,2021/22,Midfielder,4,2,2,1
wikipedia,Daniel_Bachmann,Daniel Bachmann,Watford F.C.,Premier League,2021/22,Goalkeeper,12,12,0,0
wikipedia,"Danny_Rose_(footballer,_born_1990)",Danny Rose,Watford F.C.,Premier League,2021/22,Defender,8,7,1,0
wikipedia,Edo_Kayembe,Edo Kayembe,Watford F.C.,Premier League,2021/22,Midfielder,13,9,4,0
wikipedia,Emmanuel_Dennis,Emmanuel Dennis,Watford F.C.,Premier League,2021/22,Forward,33,30,3,10
wikipedia,Francisco_Sierralta,Francisco Sierralta,Watford F.C.,Premier League,2021/22,Defender,5,5,0,0
wikipedia,Hassane_Kamara,Hassane Kamara,Watford F.C.,Premier League,2021/22,Defender,19,18,1,1
wikipedia,Imran_Louza,Imran Louza,Watford F.C.,Premier League,2021/22,Midfielder,20,17,3,0
wikipedia,Ismaïla_Sarr,Ismaïla Sarr,Watford F.C.,Premier League,2021/22,Forward,22,21,1,5
wikipedia,Jeremy_Ngakia,Jeremy Ngakia,Watford F.C.,Premier League,2021/22,Defender,16,9,7,0
wikipedia,"Joshua_King_(footballer,_born_1992)",Joshua King,Watford F.C.,Premier League,2021/22,Forward,32,27,5,5
wikipedia,"João_Pedro_(footballer,_born_2001)",João Pedro,Watford F.C.,Premier League,2021/22,Forward,28,15,13,3
wikipedia,Juraj_Kucka,Juraj Kucka,Watford F.C.,Premier League,2021/22,Midfielder,26,22,4,1
wikipedia,Ken_Sema,Ken Sema,Watford F.C.,Premier League,2021/22,Midfielder,18,7,11,0
wikipedia,Kiko_Femenía,Kiko Femenía,Watford F.C.,Premier League,2021/22,Defender,27,26,1,0
wikipedia,Moussa_Sissoko,Moussa Sissoko,Watford F.C.,Premier League,2021/22,Midfielder,36,36,0,2
wikipedia,Nicolas_Nkoulou,Nicolas Nkoulou,Watford F.C.,Premier League,2021/22,Defender,3,2,1,0
wikipedia,Ozan_Tufan,Ozan Tufan,Watford F.C.,Premier League,2021/22,Midfielder,7,4,3,0
wikipedia,Peter_Etebo,Peter Etebo,Watford F.C.,Premier League,2021/22,Midfielder,9,4,5,0
wikipedia,"Samir_(footballer,_born_1994)",Samir,Watford F.C.,Premier League,2021/22,Defender,19,19,0,0
wikipedia,Samuel_Kalu,Samuel Kalu,Watford F.C.,Premier League,2021/22,Forward,4,2,2,0
wikipedia,Tom_Cleverley,Tom Cleverley,Watford F.C.,Premier League,2021/22,Midfielder,28,20,8,0
wikipedia,William_Troost-Ekong,William Troost-Ekong,Watford F.C.,Premier League,2021/22,Defender,17,15,2,0
wikipedia,Aaron_Cresswell,Aaron Cresswell,West Ham United F.C.,Premier League,2021/22,Defender,31,31,0,2
wikipedia,Alex_Král,Alex Král,West Ham United F.C.,Premier League,2021/22,Midfielder,1,0,1,0
wikipedia,Alphonse_Areola,Alphonse Areola,West Ham United F.C.,Premier League,2021/22,Goalkeeper,1,1,0,0
wikipedia,Andriy_Yarmolenko,Andriy Yarmolenko,West Ham United F.C.,Premier League,2021/22,Forward,19,1,18,1
wikipedia,Angelo_Ogbonna,Angelo Ogbonna,West Ham United F.C.,Premier League,2021/22,Defender,11,11,0,1
wikipedia,Arthur_Masuaku,Arthur Masuaku,West Ham United F.C.,Premier League,2021/22,Defender,13,6,7,1
wikipedia,"Ben_Johnson_(footballer,_born_2000)",Ben Johnson,West Ham United F.C.,Premier League,2021/22,Defender,20,16,4,1
wikipedia,Craig_Dawson,Craig Dawson,West Ham United F.C.,Premier League,2021/22,Defender,34,30,4,2
wikipedia,Daniel_Chesters,Daniel Chesters,West Ham United F.C.,Premier League,2021/22,Midfielder,1,0,1,0
wikipedia,Declan_Rice,Declan Rice,West Ham United F.C.,Premier League,2021/22,Midfielder,36,35,1,1
wikipedia,Harrison_Ashby,Harrison Ashby,West Ham United F.C.,Premier League,2021/22,Defender,1,0,1,0
wikipedia,Issa_Diop_(footballer),Issa Diop,West Ham United F.C.,Premier League,2021/22,Defender,13,10,3,0
wikipedia,Jarrod_Bowen,Jarrod Bowen,West Ham United F.C.,Premier League,2021/22,Forward,36,34,2,12
wikipedia,Kurt_Zouma,Kurt Zouma,West Ham United F.C.,Premier League,2021/22,Defender,24,24,0,1
wikipedia,Manuel_Lanzini,Manuel Lanzini,West Ham United F.C.,Premier League,2021/22,Midfielder,30,19,11,5
wikipedia,Mark_Noble,Mark Noble,West Ham United F.C.,Premier League,2021/22,Midfielder,11,3,8,1
wikipedia,Michail_Antonio,Michail Antonio,West Ham United F.C.,Premier League,2021/22,Forward,36,34,2,10
wikipedia,Nikola_Vlašić,Nikola Vlašić,West Ham United F.C.,Premier League,2021/22,Midfielder,19,6,13,1
wikipedia,Pablo_Fornals,Pablo Fornals,West Ham United F.C.,Premier League,2021/22,Midfielder,36,32,4,6
wikipedia,Ryan_Fredericks,Ryan Fredericks,West Ham United F.C.,Premier League,2021/22,Defender,11,7,4,0
wikipedia,Saïd_Benrahma,Saïd Benrahma,West Ham United F.C.,Premier League,2021/22,Forward,32,26,6,8
wikipedia,Sonny_Perkins,Sonny Perkins,West Ham United F.C.,Premier League,2021/22,Midfielder,1,0,1,0
wikipedia,Tomáš_Souček,Tomáš Souček,West Ham United F.C.,Premier League,2021/22,Midfielder,35,34,1,5
wikipedia,Vladimír_Coufal,Vladimír Coufal,West Ham United F.C.,Premier League,2021/22,Defender,28,25,3,0
wikipedia,Łukasz_Fabiański,Łukasz Fabiański,West Ham United F.C.,Premier League,2021/22,Goalkeeper,37,37,0,0
wikipedia,"Adama_Traoré_(footballer,_born_1996)",Adama Traoré,Wolverhampton Wanderers F.C.,Premier League,2021/22,Forward,20,11,9,1
wikipedia,Chem_Campbell,Chem Campbell,Wolverhampton Wanderers F.C.,Premier League,2021/22,Forward,1,0,1,0
wikipedia,"Chiquinho_(footballer,_born_2000)",Chiquinho,Wolverhampton Wanderers F.C.,Premier League,2021/22,Forward,8,1,7,0
wikipedia,Conor_Coady,Conor Coady,Wolverhampton Wanderers F.C.,Premier League,2021/22,Defender,38,38,0,4
wikipedia,Francisco_Trincão,Francisco Trincão,Wolverhampton Wanderers F.C.,Premier League,2021/22,Forward,28,16,12,2
wikipedia,"Fábio_Silva_(footballer,_born_2002)",Fábio Silva,Wolverhampton Wanderers F.C.,Premier League,2021/22,Forward,22,6,16,0
wikipedia,Hwang_Hee-chan,Hwang Hee-chan,Wolverhampton Wanderers F.C.,Premier League,2021/22,Forward,30,20,10,5
wikipedia,John_Ruddy,John Ruddy,Wolverhampton Wanderers F.C.,Premier League,2021/22,Goalkeeper,2,1,1,0
wikipedia,Jonny_(footballer),Jonny,Wolverhampton Wanderers F.C.,Premier League,2021/22,Defender,12,9,3,2
wikipedia,José_Sá,José Sá,Wolverhampton Wanderers F.C.,Premier League,2021/22,Goalkeeper,37,37,0,0
wikipedia,João_Moutinho,João Moutinho,Wolverhampton Wanderers F.C.,Premier League,2021/22,Midfielder,35,34,1,2
wikipedia,Ki-Jana_Hoever,Ki-Jana Hoever,Wolverhampton Wanderers F.C.,Premier League,2021/22,Defender,8,4,4,0
wikipedia,Leander_Dendoncker,Leander Dendoncker,Wolverhampton Wanderers F.C.,Premier League,2021/22,Midfielder,30,22,8,2
wikipedia,Luke_Cundle,Luke Cundle,Wolverhampton Wanderers F.C.,Premier League,2021/22,Midfielder,4,2,2,0
wikipedia,Fernando_Marçal,Marçal,Wolverhampton Wanderers F.C.,Premier League,2021/22,Defender,18,17,1,0
wikipedia,Max_Kilman,Max Kilman,Wolverhampton Wanderers F.C.,Premier League,2021/22,Defender,30,30,0,1
wikipedia,Morgan_Gibbs-White,Morgan Gibbs-White,Wolverhampton Wanderers F.C.,Premier League,2021/22,Midfielder,2,0,2,0
wikipedia,Pedro_Neto,Pedro Neto,Wolverhampton Wanderers F.C.,Premier League,2021/22,Forward,13,5,8,1
wikipedia,Rayan_Aït-Nouri,Rayan Aït-Nouri,Wolverhampton Wanderers F.C.,Premier League,2021/22,Defender,23,20,3,1
wikipedia,Romain_Saïss,Romain Saïss,Wolverhampton Wanderers F.C.,Premier League,2021/22,Midfielder,31,31,0,2
wikipedia,Rúben_Neves,Rúben Neves,Wolverhampton Wanderers F.C.,Premier League,2021/22,Midfielder,33,31,2,4
wikipedia,Toti_Gomes,Toti Gomes,Wolverhampton Wanderers F.C.,Premier League,2021/22,Defender,4,4,0,0
wikipedia,Willy_Boly,Willy Boly,Wolverhampton Wanderers F.C.,Premier League,2021/22,Defender,10,10,0,0
wikipedia,"Adam_Smith_(footballer,_born_1991)",Adam Smith,AFC Bournemouth,Premier League,2022/23,Defender,36,33,3,0
wikipedia,Antoine_Semenyo,Antoine Semenyo,AFC Bournemouth,Premier League,2022/23,Forward,11,2,9,1
wikipedia,Ben_Pearson_(footballer),Ben Pearson,AFC Bournemouth,Premier League,2022/23,Midfielder,7,3,4,0
wikipedia,Chris_Mepham,Chris Mepham,AFC Bournemouth,Premier League,2022/23,Defender,26,24,2,0
wikipedia,Dango_Ouattara,Dango Ouattara,AFC Bournemouth,Premier League,2022/23,Midfielder,19,15,4,1
wikipedia,David_Brooks_(footballer),David Brooks,AFC Bournemouth,Premier League,2022/23,Midfielder,6,2,4,0
wikipedia,Dominic_Solanke,Dominic Solanke,AFC Bournemouth,Premier League,2022/23,Forward,33,32,1,6
wikipedia,Emiliano_Marcondes,Emiliano Marcondes,AFC Bournemouth,Premier League,2022/23,Midfielder,1,0,1,0
wikipedia,Hamed_Traorè,Hamed Traorè,AFC Bournemouth,Premier League,2022/23,Midfielder,7,5,2,0
wikipedia,Illia_Zabarnyi,Illia Zabarnyi,AFC Bournemouth,Premier League,2022/23,Defender,5,3,2,0
wikipedia,Jack_Stacey,Jack Stacey,AFC Bournemouth,Premier League,2022/23,Defender,10,3,7,0
wikipedia,Jack_Stephens_(footballer),Jack Stephens,AFC Bournemouth,Premier League,2022/23,Defender,15,13,2,0
wikipedia,Jaidon_Anthony,Jaidon Anthony,AFC Bournemouth,Premier League,2022/23,Forward,30,11,19,3
wikipedia,Jamal_Lowe,Jamal Lowe,AFC Bournemouth,Premier League,2022/23,Forward,2,0,2,0
wikipedia,Jefferson_Lerma,Jefferson Lerma,AFC Bournemouth,Premier League,2022/23,Midfielder,37,37,0,5
wikipedia,Joe_Rothwell,Joe Rothwell,AFC Bournemouth,Premier League,2022/23,Midfielder,20,12,8,0
wikipedia,Jordan_Zemura,Jordan Zemura,AFC Bournemouth,Premier League,2022/23,Defender,19,17,2,0
wikipedia,Junior_Stanislas,Junior Stanislas,AFC Bournemouth,Premier League,2022/23,Midfielder,4,0,4,0
wikipedia,Kieffer_Moore,Kieffer Moore,AFC Bournemouth,Premier League,2022/23,Forward,27,12,15,4
wikipedia,"Lewis_Cook_(footballer,_born_1997)",Lewis Cook,AFC Bournemouth,Premier League,2022/23,Midfielder,28,18,10,0
wikipedia,Lloyd_Kelly,Lloyd Kelly,AFC Bournemouth,Premier League,2022/23,Defender,23,23,0,0
wikipedia,Marcos_Senesi,Marcos Senesi,AFC Bournemouth,Premier League,2022/23,Defender,31,29,2,2
wikipedia,Marcus_Tavernier,Marcus Tavernier,AFC Bournemouth,Premier League,2022/23,Midfielder,23,19,4,5
wikipedia,Mark_Travers,Mark Travers,AFC Bournemouth,Premier League,2022/23,Goalkeeper,12,11,1,0
wikipedia,Matías_Viña,Matías Viña,AFC Bournemouth,Premier League,2022/23,Defender,12,5,7,2
wikipedia,"Neto_(footballer,_born_1989)",Neto,AFC Bournemouth,Premier League,2022/23,Goalkeeper,27,27,0,0
wikipedia,Owen_Bevan,Owen Bevan,AFC Bournemouth,Premier League,2022/23,Midfielder,1,0,1,0
wikipedia,Philip_Billing,Philip Billing,AFC Bournemouth,Premier League,2022/23,Midfielder,36,34,2,7
wikipedia,Ryan_Christie,Ryan Christie,AFC Bournemouth,Premier League,2022/23,Midfielder,32,22,10,1
wikipedia,Ryan_Fredericks,Ryan Fredericks,AFC Bournemouth,Premier League,2022/23,Defender,12,5,7,0
wikipedia,Siriki_Dembélé,Siriki Dembélé,AFC Bournemouth,Premier League,2022/23,Midfielder,6,0,6,0
wikipedia,Aaron_Ramsdale,Aaron Ramsdale,Arsenal F.C.,Premier League,2022/23,Goalkeeper,38,38,0,0
wikipedia,Albert_Sambi_Lokonga,Albert Sambi Lokonga,Arsenal F.C.,Premier League,2022/23,Midfielder,6,2,4,0
wikipedia,Ben_White_(footballer),Ben White,Arsenal F.C.,Premier League,2022/23,Defender,38,36,2,2
wikipedia,Bukayo_Saka,Bukayo Saka,Arsenal F.C.,Premier League,2022/23,Forward,38,37,1,14
wikipedia,Cédric_Soares,Cédric Soares,Arsenal F.C.,Premier League,2022/23,Defender,2,0,2,0
wikipedia,Eddie_Nketiah,Eddie Nketiah,Arsenal F.C.,Premier League,2022/23,Forward,30,9,21,4
wikipedia,Emile_Smith_Rowe,Emile Smith Rowe,Arsenal F.C.,Premier League,2022/23,Midfielder,12,0,12,0
wikipedia,Ethan_Nwaneri,Ethan Nwaneri,Arsenal F.C.,Premier League,2022/23,Midfielder,1,0,1,0
wikipedia,"Fábio_Vieira_(footballer,_born_2000)",Fábio Vieira,Arsenal F.C.,Premier League,2022/23,Midfielder,22,3,19,1
wikipedia,Gabriel_Jesus,Gabriel Jesus,Arsenal F.C.,Premier League,2022/23,Forward,26,24,2,11
wikipedia,Gabriel_Magalhães,Gabriel Magalhães,Arsenal F.C.,Premier League,2022/23,Defender,38,38,0,3
wikipedia,Gabriel_Martinelli,Gabriel Martinelli,Arsenal F.C.,Premier League,2022/23,Forward,36,34,2,15
wikipedia,Granit_Xhaka,Granit Xhaka,Arsenal F.C.,Premier League,2022/23,Midfielder,37,36,1,7
wikipedia,Jakub_Kiwior,Jakub Kiwior,Arsenal F.C.,Premier League,2022/23,Defender,7,5,2,1
wikipedia,"Jorginho_(footballer,_born_December_1991)",Jorginho,Arsenal F.C.,Premier League,2022/23,Midfielder,14,9,5,0
wikipedia,Kieran_Tierney,Kieran Tierney,Arsenal F.C.,Premier League,2022/23,Defender,27,6,21,0
wikipedia,Leandro_Trossard,Leandro Trossard,Arsenal F.C.,Premier League,2022/23,Forward,20,10,10,1
wikipedia,"Marquinhos_(footballer,_born_2003)",Marquinhos,Arsenal F.C.,Premier League,2022/23,Forward,1,0,1,0
wikipedia,Martin_Ødegaard,Martin Ødegaard,Arsenal F.C.,Premier League,2022/23,Midfielder,37,37,0,15
wikipedia,Mohamed_Elneny,Mohamed Elneny,Arsenal F.C.,Premier League,2022/23,Midfielder,5,1,4,0
wikipedia,Oleksandr_Zinchenko_(footballer),Oleksandr Zinchenko,Arsenal F.C.,Premier League,2022/23,Defender,27,26,1,1
wikipedia,Reiss_Nelson,Reiss Nelson,Arsenal F.C.,Premier League,2022/23,Forward,11,0,11,3
wikipedia,Rob_Holding,Rob Holding,Arsenal F.C.,Premier League,2022/23,Defender,14,6,8,1
wikipedia,Takehiro_Tomiyasu,Takehiro Tomiyasu,Arsenal F.C.,Premier League,2022/23,Defender,21,6,15,0
wikipedia,Thomas_Partey,Thomas Partey,Arsenal F.C.,Premier League,2022/23,Midfielder,33,28,5,3
wikipedia,William_Saliba,William Saliba,Arsenal F.C.,Premier League,2022/23,Defender,27,27,0,2
wikipedia,Ashley_Young,Ashley Young,Aston Villa F.C.,Premier League,2022/23,Defender,29,23,6,1
wikipedia,Bertrand_Traoré,Bertrand Traoré,Aston Villa F.C.,Premier League,2022/23,Forward,8,1,7,2
wikipedia,Boubacar_Kamara,Boubacar Kamara,Aston Villa F.C.,Premier League,2022/23,Midfielder,24,21,3,0
wikipedia,Calum_Chambers,Calum Chambers,Aston Villa F.C.,Premier League,2022/23,Defender,14,2,12,0
wikipedia,Cameron_Archer,Cameron Archer,Aston Villa F.C.,Premier League,2022/23,Forward,6,0,6,0
wikipedia,Danny_Ings,Danny Ings,Aston Villa F.C.,Premier League,2022/23,Forward,18,8,10,6
wikipedia,"Diego_Carlos_(footballer,_born_1993)",Diego Carlos,Aston Villa F.C.,Premier League,2022/23,Defender,3,2,1,0
wikipedia,Douglas_Luiz,Douglas Luiz,Aston Villa F.C.,Premier League,2022/23,Midfielder,37,33,4,6
wikipedia,Emiliano_Buendía,Emiliano Buendía,Aston Villa F.C.,Premier League,2022/23,Midfielder,38,27,11,5
wikipedia,Emiliano_Martínez,Emiliano Martínez,Aston Villa F.C.,Premier League,2022/23,Goalkeeper,36,36,0,0
wikipedia,Ezri_Konsa,Ezri Konsa,Aston Villa F.C.,Premier League,2022/23,Defender,38,37,1,0
wikipedia,Jacob_Ramsey,Jacob Ramsey,Aston Villa F.C.,Premier League,2022/23,Midfielder,35,31,4,6
wikipedia,Jan_Bednarek,Jan Bednarek,Aston Villa F.C.,Premier League,2022/23,Defender,3,1,2,0
wikipedia,Jhon_Durán,Jhon Durán,Aston Villa F.C.,Premier League,2022/23,Forward,12,0,12,0
wikipedia,John_McGinn,John McGinn,Aston Villa F.C.,Premier League,2022/23,Midfielder,34,30,4,1
wikipedia,Leander_Dendoncker,Leander Dendoncker,Aston Villa F.C.,Premier League,2022/23,Midfielder,20,7,13,0
wikipedia,Leon_Bailey,Leon Bailey,Aston Villa F.C.,Premier League,2022/23,Forward,33,26,7,4
wikipedia,Lucas_Digne,Lucas Digne,Aston Villa F.C.,Premier League,2022/23,Defender,28,18,10,1
wikipedia,Ludwig_Augustinsson,Ludwig Augustinsson,Aston Villa F.C.,Premier League,2022/23,Defender,3,1,2,0
wikipedia,Matty_Cash,Matty Cash,Aston Villa F.C.,Premier League,2022/23,Defender,26,20,6,0
wikipedia,Morgan_Sanson,Morgan Sanson,Aston Villa F.C.,Premier League,2022/23,Midfielder,2,0,2,0
wikipedia,Ollie_Watkins,Ollie Watkins,Aston Villa F.C.,Premier League,2022/23,Forward,37,36,1,15
wikipedia,Philippe_Coutinho,Philippe Coutinho,Aston Villa F.C.,Premier League,2022/23,Midfielder,20,7,13,1
wikipedia,Robin_Olsen,Robin Olsen,Aston Villa F.C.,Premier League,2022/23,Goalkeeper,4,2,2,0
wikipedia,Tyrone_Mings,Tyrone Mings,Aston Villa F.C.,Premier League,2022/23,Defender,35,35,0,1
wikipedia,Álex_Moreno_(footballer),Álex Moreno,Aston Villa F.C.,Premier League,2022/23,Defender,19,14,5,0
wikipedia,Aaron_Hickey,Aaron Hickey,Brentford F.C.,Premier League,2022/23,Defender,26,23,3,0
wikipedia,Ben_Mee,Ben Mee,Brentford F.C.,Premier League,2022/23,Defender,37,37,0,3
wikipedia,Bryan_Mbeumo,Bryan Mbeumo,Brentford F.C.,Premier League,2022/23,Midfielder,38,36,2,9
wikipedia,Christian_Nørgaard,Christian Nørgaard,Brentford F.C.,Premier League,2022/23,Midfielder,23,22,1,1
wikipedia,David_Raya,David Raya,Brentford F.C.,Premier League,2022/23,Goalkeeper,38,38,0,0
wikipedia,Ethan_Pinnock,Ethan Pinnock,Brentford F.C.,Premier League,2022/23,Defender,30,30,0,3
wikipedia,Frank_Onyeka,Frank Onyeka,Brentford F.C.,Premier League,2022/23,Midfielder,21,8,13,0
wikipedia,Halil_Dervişoğlu,Halil Dervişoğlu,Brentford F.C.,Premier League,2022/23,Forward,1,0,1,0
wikipedia,Ivan_Toney,Ivan Toney,Brentford F.C.,Premier League,2022/23,Forward,33,33,0,20
wikipedia,Josh_Dasilva,Josh Dasilva,Brentford F.C.,Premier League,2022/23,Midfielder,35,14,21,4
wikipedia,Keane_Lewis-Potter,Keane Lewis-Potter,Brentford F.C.,Premier League,2022/23,Midfielder,10,3,7,0
wikipedia,Kevin_Schade,Kevin Schade,Brentford F.C.,Premier League,2022/23,Forward,18,7,11,0
wikipedia,Kristoffer_Ajer,Kristoffer Ajer,Brentford F.C.,Premier League,2022/23,Defender,9,9,0,0
wikipedia,Mads_Bech_Sørensen,Mads Bech Sørensen,Brentford F.C.,Premier League,2022/23,Defender,4,0,4,0
wikipedia,Mads_Roerslev,Mads Roerslev,Brentford F.C.,Premier League,2022/23,Defender,20,12,8,0
wikipedia,Mathias_Jørgensen,Mathias Jørgensen,Brentford F.C.,Premier League,2022/23,Defender,18,11,7,0
wikipedia,Mikkel_Damsgaard,Mikkel Damsgaard,Brentford F.C.,Premier League,2022/23,Midfielder,26,9,17,0
wikipedia,Pontus_Jansson,Pontus Jansson,Brentford F.C.,Premier League,2022/23,Defender,12,9,3,1
wikipedia,Rico_Henry,Rico Henry,Brentford F.C.,Premier League,2022/23,Defender,37,37,0,0
wikipedia,Saman_Ghoddos,Saman Ghoddos,Brentford F.C.,Premier League,2022/23,Midfielder,15,0,15,0
wikipedia,Sergi_Canós,Sergi Canós,Brentford F.C.,Premier League,2022/23,Midfielder,5,0,5,0
wikipedia,Shandon_Baptiste,Shandon Baptiste,Brentford F.C.,Premier League,2022/23,Midfielder,23,4,19,0
wikipedia,Vitaly_Janelt,Vitaly Janelt,Brentford F.C.,Premier League,2022/23,Midfielder,35,24,11,3
wikipedia,Yoane_Wissa,Yoane Wissa,Brentford F.C.,Premier League,2022/23,Midfielder,37,16,21,7
wikipedia,Adam_Lallana,Adam Lallana,Brighton & Hove Albion F.C.,Premier League,2022/23,Midfielder,16,12,4,2
wikipedia,"Adam_Webster_(footballer,_born_1995)",Adam Webster,Brighton & Hove Albion F.C.,Premier League,2022/23,Defender,27,23,4,0
wikipedia,Alexis_Mac_Allister,Alexis Mac Allister,Brighton & Hove Albion F.C.,Premier League,2022/23,Midfielder,35,31,4,10
wikipedia,Andrew_Moran,Andrew Moran,Brighton & Hove Albion F.C.,Premier League,2022/23,Midfielder,1,0,1,0
wikipedia,Billy_Gilmour,Billy Gilmour,Brighton & Hove Albion F.C.,Premier League,2022/23,Midfielder,13,6,7,0
wikipedia,Cameron_Peupion,Cameron Peupion,Brighton & Hove Albion F.C.,Premier League,2022/23,Midfielder,1,0,1,0
wikipedia,Danny_Welbeck,Danny Welbeck,Brighton & Hove Albion F.C.,Premier League,2022/23,Forward,31,21,10,6
wikipedia,Deniz_Undav,Deniz Undav,Brighton & Hove Albion F.C.,Premier League,2022/23,Forward,22,6,16,5
wikipedia,Enock_Mwepu,Enock Mwepu,Brighton & Hove Albion F.C.,Premier League,2022/23,Midfielder,6,2,4,0
wikipedia,Evan_Ferguson,Evan Ferguson,Brighton & Hove Albion F.C.,Premier League,2022/23,Forward,19,10,9,6
wikipedia,Facundo_Buonanotte,Facundo Buonanotte,Brighton & Hove Albion F.C.,Premier League,2022/23,Midfielder,13,6,7,1
wikipedia,Jack_Hinshelwood,Jack Hinshelwood,Brighton & Hove Albion F.C.,Premier League,2022/23,Midfielder,1,0,1,0
wikipedia,Jan_Paul_van_Hecke,Jan Paul van Hecke,Brighton & Hove Albion F.C.,Premier League,2022/23,Defender,8,3,5,0
wikipedia,Jason_Steele_(footballer),Jason Steele,Brighton & Hove Albion F.C.,Premier League,2022/23,Goalkeeper,15,15,0,0
wikipedia,Jeremy_Sarmiento,Jeremy Sarmiento,Brighton & Hove Albion F.C.,Premier League,2022/23,Midfielder,9,1,8,0
wikipedia,Joël_Veltman,Joël Veltman,Brighton & Hove Albion F.C.,Premier League,2022/23,Defender,31,25,6,1
wikipedia,"Julio_Enciso_(footballer,_born_2004)",Julio Enciso,Brighton & Hove Albion F.C.,Premier League,2022/23,Forward,20,8,12,4
wikipedia,Kaoru_Mitoma,Kaoru Mitoma,Brighton & Hove Albion F.C.,Premier League,2022/23,Midfielder,33,24,9,7
wikipedia,Leandro_Trossard,Leandro Trossard,Brighton & Hove Albion F.C.,Premier League,2022/23,Forward,16,16,0,7
wikipedia,Levi_Colwill,Levi Colwill,Brighton & Hove Albion F.C.,Premier League,2022/23,Defender,17,13,4,0
wikipedia,Lewis_Dunk,Lewis Dunk,Brighton & Hove Albion F.C.,Premier League,2022/23,Defender,36,36,0,1
wikipedia,Moisés_Caicedo,Moisés Caicedo,Brighton & Hove Albion F.C.,Premier League,2022/23,Midfielder,37,34,3,1
wikipedia,Odeluga_Offiah,Odeluga Offiah,Brighton & Hove Albion F.C.,Premier League,2022/23,Defender,2,0,2,0
wikipedia,Pascal_Groß,Pascal Groß,Brighton & Hove Albion F.C.,Premier League,2022/23,Midfielder,37,37,0,9
wikipedia,Pervis_Estupiñán,Pervis Estupiñán,Brighton & Hove Albion F.C.,Premier League,2022/23,Defender,35,31,4,1
wikipedia,Robert_Sánchez,Robert Sánchez,Brighton & Hove Albion F.C.,Premier League,2022/23,Goalkeeper,23,23,0,0
wikipedia,Solly_March,Solly March,Brighton & Hove Albion F.C.,Premier League,2022/23,Midfielder,33,31,2,7
wikipedia,Tariq_Lamptey,Tariq Lamptey,Brighton & Hove Albion F.C.,Premier League,2022/23,Defender,20,3,17,0
wikipedia,Yasin_Ayari,Yasin Ayari,Brighton & Hove Albion F.C.,Premier League,2022/23,Midfielder,3,1,2,0
wikipedia,Armando_Broja,Armando Broja,Chelsea F.C.,Premier League,2022/23,Forward,12,,,1
wikipedia,Ben_Chilwell,Ben Chilwell,Chelsea F.C.,Premier League,2022/23,Defender,23,,,2
wikipedia,Benoît_Badiashile,Benoît Badiashile,Chelsea F.C.,Premier League,2022/23,Defender,11,,,1
wikipedia,Carney_Chukwuemeka,Carney Chukwuemeka,Chelsea F.C.,Premier League,2022/23,Midfielder,14,,,0
wikipedia,Christian_Pulisic,Christian Pulisic,Chelsea F.C.,Premier League,2022/23,Forward,23,,,1
wikipedia,Conor_Gallagher,Conor Gallagher,Chelsea F.C.,Premier League,2022/23,Midfielder,35,,,3
wikipedia,César_Azpilicueta,César Azpilicueta,Chelsea F.C.,Premier League,2022/23,Defender,25,,,0
wikipedia,David_Datro_Fofana,David Datro Fofana,Chelsea F.C.,Premier League,2022/23,Forward,3,,,0
wikipedia,Denis_Zakaria,Denis Zakaria,Chelsea F.C.,Premier League,2022/23,Midfielder,7,,,0
wikipedia,Enzo_Fernández,Enzo Fernández,Chelsea F.C.,Premier League,2022/23,Midfielder,18,,,0
wikipedia,Hakim_Ziyech,Hakim Ziyech,Chelsea F.C.,Premier League,2022/23,Forward,17,,,0
wikipedia,"Jorginho_(footballer,_born_December_1991)",Jorginho,Chelsea F.C.,Premier League,2022/23,Midfielder,18,,,2
wikipedia,João_Félix,João Félix,Chelsea F.C.,Premier League,2022/23,Forward,16,,,4
wikipedia,Kai_Havertz,Kai Havertz,Chelsea F.C.,Premier League,2022/23,Forward,35,,,7
wikipedia,Kalidou_Koulibaly,Kalidou Koulibaly,Chelsea F.C.,Premier League,2022/23,Defender,23,,,2
wikipedia,Kepa_Arrizabalaga,Kepa Arrizabalaga,Chelsea F.C.,Premier League,2022/23,Goalkeeper,29,,,0
wikipedia,Lewis_Hall_(footballer),Lewis Hall,Chelsea F.C.,Premier League,2022/23,Midfielder,9,,,0
wikipedia,Marc_Cucurella,Marc Cucurella,Chelsea F.C.,Premier League,2022/23,Defender,24,,,0
wikipedia,Mason_Mount,Mason Mount,Chelsea F.C.,Premier League,2022/23,Midfielder,24,,,3
wikipedia,Mateo_Kovačić,Mateo Kovačić,Chelsea F.C.,Premier League,2022/23,Midfielder,27,,,1
wikipedia,Mykhailo_Mudryk,Mykhailo Mudryk,Chelsea F.C.,Premier League,2022/23,Forward,15,,,0
wikipedia,N'Golo_Kanté,N'Golo Kanté,Chelsea F.C.,Premier League,2022/23,Midfielder,7,,,0
wikipedia,Noni_Madueke,Noni Madueke,Chelsea F.C.,Premier League,2022/23,Forward,12,,,1
wikipedia,Omari_Hutchinson,Omari Hutchinson,Chelsea F.C.,Premier League,2022/23,Midfielder,1,,,0
wikipedia,Pierre-Emerick_Aubameyang,Pierre-Emerick Aubameyang,Chelsea F.C.,Premier League,2022/23,Forward,15,,,1
wikipedia,Raheem_Sterling,Raheem Sterling,Chelsea F.C.,Premier League,2022/23,Forward,28,,,6
wikipedia,"Reece_James_(footballer,_born_1999)",Reece James,Chelsea F.C.,Premier League,2022/23,Defender,16,,,1
wikipedia,Ruben_Loftus-Cheek,Ruben Loftus-Cheek,Chelsea F.C.,Premier League,2022/23,Midfielder,25,,,0
wikipedia,Thiago_Silva,Thiago Silva,Chelsea F.C.,Premier League,2022/23,Defender,27,,,0
wikipedia,Trevoh_Chalobah,Trevoh Chalobah,Chelsea F.C.,Premier League,2022/23,Defender,25,,,0
wikipedia,Wesley_Fofana_(footballer),Wesley Fofana,Chelsea F.C.,Premier League,2022/23,Defender,15,,,1
wikipedia,Édouard_Mendy,Édouard Mendy,Chelsea F.C.,Premier League,2022/23,Goalkeeper,10,,,0
wikipedia,Albert_Sambi_Lokonga,Albert Sambi Lokonga,Crystal Palace F.C.,Premier League,2022/23,Midfielder,9,6,3,0
wikipedia,Cheick_Doucouré,Cheick Doucouré,Crystal Palace F.C.,Premier League,2022/23,Midfielder,32,32,0,0
wikipedia,Chris_Richards_(soccer),Chris Richards,Crystal Palace F.C.,Premier League,2022/23,Defender,9,4,5,0
wikipedia,David_Ozoh,David Ozoh,Crystal Palace F.C.,Premier League,2022/23,Midfielder,1,0,1,0
wikipedia,Eberechi_Eze,Eberechi Eze,Crystal Palace F.C.,Premier League,2022/23,Midfielder,36,28,8,10
wikipedia,James_McArthur,James McArthur,Crystal Palace F.C.,Premier League,2022/23,Midfielder,3,0,3,0
wikipedia,James_Tomkins_(footballer),James Tomkins,Crystal Palace F.C.,Premier League,2022/23,Defender,6,3,3,1
wikipedia,Jaïro_Riedewald,Jaïro Riedewald,Crystal Palace F.C.,Premier League,2022/23,Midfielder,5,0,5,0
wikipedia,Jean-Philippe_Mateta,Jean-Philippe Mateta,Crystal Palace F.C.,Premier League,2022/23,Forward,27,6,21,2
wikipedia,Jeffrey_Schlupp,Jeffrey Schlupp,Crystal Palace F.C.,Premier League,2022/23,Midfielder,34,30,4,3
wikipedia,Joachim_Andersen_(footballer),Joachim Andersen,Crystal Palace F.C.,Premier League,2022/23,Defender,30,30,0,1
wikipedia,Joe_Whitworth,Joe Whitworth,Crystal Palace F.C.,Premier League,2022/23,Goalkeeper,2,2,0,0
wikipedia,Joel_Ward_(footballer),Joel Ward,Crystal Palace F.C.,Premier League,2022/23,Defender,26,22,4,1
wikipedia,Jordan_Ayew,Jordan Ayew,Crystal Palace F.C.,Premier League,2022/23,Forward,36,29,7,4
wikipedia,Luka_Milivojević,Luka Milivojević,Crystal Palace F.C.,Premier League,2022/23,Midfielder,18,5,13,0
wikipedia,Malcolm_Ebiowei,Malcolm Ebiowei,Crystal Palace F.C.,Premier League,2022/23,Midfielder,3,0,3,0
wikipedia,Marc_Guéhi,Marc Guéhi,Crystal Palace F.C.,Premier League,2022/23,Defender,35,35,0,1
wikipedia,Michael_Olise,Michael Olise,Crystal Palace F.C.,Premier League,2022/23,Midfielder,32,26,6,2
wikipedia,Naouirou_Ahamada,Naouirou Ahamada,Crystal Palace F.C.,Premier League,2022/23,Midfielder,7,0,7,0
wikipedia,Nathaniel_Clyne,Nathaniel Clyne,Crystal Palace F.C.,Premier League,2022/23,Defender,22,19,3,0
wikipedia,Sam_Johnstone,Sam Johnstone,Crystal Palace F.C.,Premier League,2022/23,Goalkeeper,7,7,0,0
wikipedia,Tyrick_Mitchell,Tyrick Mitchell,Crystal Palace F.C.,Premier League,2022/23,Defender,34,32,2,0
wikipedia,Vicente_Guaita,Vicente Guaita,Crystal Palace F.C.,Premier League,2022/23,Goalkeeper,27,27,0,0
wikipedia,Wilfried_Zaha,Wilfried Zaha,Crystal Palace F.C.,Premier League,2022/23,Forward,27,27,0,7
wikipedia,Will_Hughes,Will Hughes,Crystal Palace F.C.,Premier League,2022/23,Midfielder,25,5,20,1
wikipedia,Abdoulaye_Doucouré,Abdoulaye Doucouré,Everton F.C.,Premier League,2022/23,Midfielder,25,17,8,5
wikipedia,Alex_Iwobi,Alex Iwobi,Everton F.C.,Premier League,2022/23,Midfielder,38,38,0,2
wikipedia,Amadou_Onana,Amadou Onana,Everton F.C.,Premier League,2022/23,Midfielder,33,29,4,1
wikipedia,Anthony_Gordon_(footballer),Anthony Gordon,Everton F.C.,Premier League,2022/23,Forward,16,12,4,3
wikipedia,Asmir_Begović,Asmir Begović,Everton F.C.,Premier League,2022/23,Goalkeeper,1,1,0,0
wikipedia,Ben_Godfrey,Ben Godfrey,Everton F.C.,Premier League,2022/23,Defender,13,10,3,0
wikipedia,Conor_Coady,Conor Coady,Everton F.C.,Premier League,2022/23,Defender,24,23,1,1
wikipedia,Dele_Alli,Dele Alli,Everton F.C.,Premier League,2022/23,Forward,2,0,2,0
wikipedia,Demarai_Gray,Demarai Gray,Everton F.C.,Premier League,2022/23,Forward,33,27,6,4
wikipedia,Dominic_Calvert-Lewin,Dominic Calvert-Lewin,Everton F.C.,Premier League,2022/23,Forward,17,15,2,2
wikipedia,Dwight_McNeil,Dwight McNeil,Everton F.C.,Premier League,2022/23,Forward,36,28,8,7
wikipedia,Ellis_Simms,Ellis Simms,Everton F.C.,Premier League,2022/23,Forward,11,2,9,1
wikipedia,Idrissa_Gueye,Idrissa Gueye,Everton F.C.,Premier League,2022/23,Midfielder,33,32,1,0
wikipedia,Isaac_Price,Isaac Price,Everton F.C.,Premier League,2022/23,Midfielder,1,0,1,0
wikipedia,"James_Garner_(footballer,_born_2001)",James Garner,Everton F.C.,Premier League,2022/23,Midfielder,16,7,9,0
wikipedia,James_Tarkowski,James Tarkowski,Everton F.C.,Premier League,2022/23,Defender,38,38,0,1
wikipedia,Jordan_Pickford,Jordan Pickford,Everton F.C.,Premier League,2022/23,Goalkeeper,37,37,0,0
wikipedia,Mason_Holgate,Mason Holgate,Everton F.C.,Premier League,2022/23,Defender,8,5,3,0
wikipedia,"Michael_Keane_(footballer,_born_1993)",Michael Keane,Everton F.C.,Premier League,2022/23,Defender,12,10,2,1
wikipedia,Nathan_Patterson_(footballer),Nathan Patterson,Everton F.C.,Premier League,2022/23,Defender,19,14,5,0
wikipedia,Neal_Maupay,Neal Maupay,Everton F.C.,Premier League,2022/23,Forward,26,9,17,1
wikipedia,Rúben_Vinagre,Rúben Vinagre,Everton F.C.,Premier League,2022/23,Defender,2,0,2,0
wikipedia,Salomón_Rondón,Salomón Rondón,Everton F.C.,Premier League,2022/23,Forward,7,1,6,0
wikipedia,Séamus_Coleman,Séamus Coleman,Everton F.C.,Premier League,2022/23,Defender,23,20,3,1
wikipedia,Thomas_Cannon_(footballer),Thomas Cannon,Everton F.C.,Premier League,2022/23,Forward,2,0,2,0
wikipedia,"Tom_Davies_(footballer,_born_1998)",Tom Davies,Everton F.C.,Premier League,2022/23,Midfielder,19,4,15,0
wikipedia,Vitaliy_Mykolenko,Vitaliy Mykolenko,Everton F.C.,Premier League,2022/23,Defender,34,30,4,0
wikipedia,Yerry_Mina,Yerry Mina,Everton F.C.,Premier League,2022/23,Defender,7,7,0,2
wikipedia,Aleksandar_Mitrović,Aleksandar Mitrović,Fulham F.C.,Premier League,2022/23,,24,23,1,14
wikipedia,Andreas_Pereira,Andreas Pereira,Fulham F.C.,Premier League,2022/23,,33,33,0,4
wikipedia,Antonee_Robinson,Antonee Robinson,Fulham F.C.,Premier League,2022/23,,35,35,0,0
wikipedia,Bernd_Leno,Bernd Leno,Fulham F.C.,Premier League,2022/23,Goalkeeper,36,36,0,0
wikipedia,Bobby_Decordova-Reid,Bobby Decordova-Reid,Fulham F.C.,Premier League,2022/23,,36,29,7,4
wikipedia,Carlos_Vinícius,Carlos Vinícius,Fulham F.C.,Premier League,2022/23,,28,11,17,5
wikipedia,Cédric_Soares,Cédric Soares,Fulham F.C.,Premier League,2022/23,,6,2,4,0
wikipedia,Daniel_James_(footballer),Daniel James,Fulham F.C.,Premier League,2022/23,,20,5,15,2
wikipedia,Harrison_Reed_(footballer),Harrison Reed,Fulham F.C.,Premier League,2022/23,,37,35,2,3
wikipedia,"Harry_Wilson_(footballer,_born_1997)",Harry Wilson,Fulham F.C.,Premier League,2022/23,,29,13,16,2
wikipedia,Issa_Diop_(footballer),Issa Diop,Fulham F.C.,Premier League,2022/23,,25,21,4,1
wikipedia,Jay_Stansfield,Jay Stansfield,Fulham F.C.,Premier League,2022/23,,3,1,2,0
wikipedia,Josh_Onomah,Josh Onomah,Fulham F.C.,Premier League,2022/23,,2,0,2,0
wikipedia,João_Palhinha,João Palhinha,Fulham F.C.,Premier League,2022/23,,35,35,0,3
wikipedia,Kenny_Tete,Kenny Tete,Fulham F.C.,Premier League,2022/23,,31,29,2,1
wikipedia,Kevin_Mbabu,Kevin Mbabu,Fulham F.C.,Premier League,2022/23,,6,1,5,0
wikipedia,Layvin_Kurzawa,Layvin Kurzawa,Fulham F.C.,Premier League,2022/23,,3,2,1,0
wikipedia,Luke_Harris,Luke Harris,Fulham F.C.,Premier League,2022/23,,3,0,3,0
wikipedia,Manor_Solomon,Manor Solomon,Fulham F.C.,Premier League,2022/23,,19,4,15,4
wikipedia,Marek_Rodák,Marek Rodák,Fulham F.C.,Premier League,2022/23,Goalkeeper,2,2,0,0
wikipedia,Nathaniel_Chalobah,Nathaniel Chalobah,Fulham F.C.,Premier League,2022/23,,4,1,3,0
wikipedia,Neeskens_Kebano,Neeskens Kebano,Fulham F.C.,Premier League,2022/23,,17,9,8,0
wikipedia,Saša_Lukić,Saša Lukić,Fulham F.C.,Premier League,2022/23,,12,4,8,0
wikipedia,Shane_Duffy,Shane Duffy,Fulham F.C.,Premier League,2022/23,,5,0,5,0
wikipedia,Tim_Ream,Tim Ream,Fulham F.C.,Premier League,2022/23,,33,33,0,1
wikipedia,Tom_Cairney,Tom Cairney,Fulham F.C.,Premier League,2022/23,,33,6,27,2
wikipedia,Tosin_Adarabioyo,Tosin Adarabioyo,Fulham F.C.,Premier League,2022/23,,25,23,2,1
wikipedia,Tyrese_Francois,Tyrese Francois,Fulham F.C.,Premier League,2022/23,,1,0,1,0
wikipedia,"Willian_(footballer,_born_1988)",Willian,Fulham F.C.,Premier League,2022/23,,27,25,2,5
wikipedia,Adam_Forshaw,Adam Forshaw,Leeds United F.C.,Premier League,2022/23,Midfielder,12,5,7,0
wikipedia,Brenden_Aaronson,Brenden Aaronson,Leeds United F.C.,Premier League,2022/23,Midfielder,36,28,8,1
wikipedia,Cody_Drameh,Cody Drameh,Leeds United F.C.,Premier League,2022/23,Defender,1,1,0,0
wikipedia,Crysencio_Summerville,Crysencio Summerville,Leeds United F.C.,Premier League,2022/23,Forward,28,12,16,4
wikipedia,Daniel_James_(footballer),Daniel James,Leeds United F.C.,Premier League,2022/23,Midfielder,4,2,2,0
wikipedia,Diego_Llorente,Diego Llorente,Leeds United F.C.,Premier League,2022/23,Defender,8,7,1,0
wikipedia,Georginio_Rutter,Georginio Rutter,Leeds United F.C.,Premier League,2022/23,Forward,11,1,10,0
wikipedia,Illan_Meslier,Illan Meslier,Leeds United F.C.,Premier League,2022/23,Goalkeeper,34,34,0,0
wikipedia,"Jack_Harrison_(footballer,_born_1996)",Jack Harrison,Leeds United F.C.,Premier League,2022/23,Midfielder,36,34,2,5
wikipedia,Joe_Gelhardt,Joe Gelhardt,Leeds United F.C.,Premier League,2022/23,Forward,15,1,14,0
wikipedia,Joel_Robles,Joel Robles,Leeds United F.C.,Premier League,2022/23,Goalkeeper,4,4,0,0
wikipedia,Junior_Firpo,Junior Firpo,Leeds United F.C.,Premier League,2022/23,Defender,19,14,5,1
wikipedia,Liam_Cooper,Liam Cooper,Leeds United F.C.,Premier League,2022/23,Defender,18,16,2,1
wikipedia,Luis_Sinisterra,Luis Sinisterra,Leeds United F.C.,Premier League,2022/23,Forward,19,13,6,5
wikipedia,Marc_Roca,Marc Roca,Leeds United F.C.,Premier League,2022/23,Midfielder,32,29,3,1
wikipedia,Mateo_Joseph,Mateo Joseph,Leeds United F.C.,Premier League,2022/23,Forward,3,0,3,0
wikipedia,Mateusz_Klich,Mateusz Klich,Leeds United F.C.,Premier League,2022/23,Defender,14,0,14,0
wikipedia,Maximilian_Wöber,Maximilian Wöber,Leeds United F.C.,Premier League,2022/23,Defender,16,14,2,0
wikipedia,Pascal_Struijk,Pascal Struijk,Leeds United F.C.,Premier League,2022/23,Defender,29,26,3,2
wikipedia,Rasmus_Kristensen,Rasmus Kristensen,Leeds United F.C.,Premier League,2022/23,Defender,26,21,5,3
wikipedia,Robin_Koch,Robin Koch,Leeds United F.C.,Premier League,2022/23,Defender,36,36,0,0
wikipedia,Rodrigo,Rodrigo,Leeds United F.C.,Premier League,2022/23,Forward,31,23,8,13
wikipedia,Sam_Greenwood_(footballer),Sam Greenwood,Leeds United F.C.,Premier League,2022/23,Midfielder,18,3,15,1
wikipedia,Tyler_Adams,Tyler Adams,Leeds United F.C.,Premier League,2022/23,Midfielder,24,24,0,0
wikipedia,Weston_McKennie,Weston McKennie,Leeds United F.C.,Premier League,2022/23,Midfielder,19,16,3,0
wikipedia,Wilfried_Gnonto,Wilfried Gnonto,Leeds United F.C.,Premier League,2022/23,Forward,24,14,10,2
wikipedia,Ayoze_Pérez,Ayoze Pérez,Leicester City F.C.,Premier League,2022/23,Forward,8,3,5,0
wikipedia,Boubakary_Soumaré,Boubakary Soumaré,Leicester City F.C.,Premier League,2022/23,Midfielder,26,20,6,0
wikipedia,Daniel_Amartey,Daniel Amartey,Leicester City F.C.,Premier League,2022/23,Defender,20,18,2,0
wikipedia,Daniel_Iversen,Daniel Iversen,Leicester City F.C.,Premier League,2022/23,Goalkeeper,11,11,0,0
wikipedia,Danny_Ward_(Welsh_footballer),Danny Ward,Leicester City F.C.,Premier League,2022/23,Goalkeeper,26,26,0,0
wikipedia,Dennis_Praet,Dennis Praet,Leicester City F.C.,Premier League,2022/23,Midfielder,22,6,16,1
wikipedia,Harry_Souttar,Harry Souttar,Leicester City F.C.,Premier League,2022/23,Defender,12,11,1,0
wikipedia,Harvey_Barnes,Harvey Barnes,Leicester City F.C.,Premier League,2022/23,Midfielder,34,32,2,13
wikipedia,James_Justin,James Justin,Leicester City F.C.,Premier League,2022/23,Defender,14,14,0,0
wikipedia,James_Maddison,James Maddison,Leicester City F.C.,Premier League,2022/23,Midfielder,29,27,2,10
wikipedia,Jamie_Vardy,Jamie Vardy,Leicester City F.C.,Premier League,2022/23,Forward,35,18,17,3
wikipedia,Jonny_Evans,Jonny Evans,Leicester City F.C.,Premier League,2022/23,Defender,13,12,1,0
wikipedia,Kelechi_Iheanacho,Kelechi Iheanacho,Leicester City F.C.,Premier League,2022/23,Forward,28,12,16,5
wikipedia,Kiernan_Dewsbury-Hall,Kiernan Dewsbury-Hall,Leicester City F.C.,Premier League,2022/23,Midfielder,31,28,3,2
wikipedia,Lewis_Brunt,Lewis Brunt,Leicester City F.C.,Premier League,2022/23,Defender,1,0,1,0
wikipedia,"Luke_Thomas_(footballer,_born_2001)",Luke Thomas,Leicester City F.C.,Premier League,2022/23,Defender,17,11,6,0
wikipedia,Marc_Albrighton,Marc Albrighton,Leicester City F.C.,Premier League,2022/23,Midfielder,6,1,5,1
wikipedia,Nampalys_Mendy,Nampalys Mendy,Leicester City F.C.,Premier League,2022/23,Midfielder,19,7,12,1
wikipedia,Patson_Daka,Patson Daka,Leicester City F.C.,Premier League,2022/23,Forward,30,13,17,4
wikipedia,"Ricardo_Pereira_(footballer,_born_1993)",Ricardo Pereira,Leicester City F.C.,Premier League,2022/23,Defender,10,5,5,1
wikipedia,Tetê,Tetê,Leicester City F.C.,Premier League,2022/23,Midfielder,13,9,4,1
wikipedia,Timothy_Castagne,Timothy Castagne,Leicester City F.C.,Premier League,2022/23,Defender,37,36,1,2
wikipedia,Victor_Kristiansen,Victor Kristiansen,Leicester City F.C.,Premier League,2022/23,Defender,12,11,1,0
wikipedia,Wesley_Fofana_(footballer),Wesley Fofana,Leicester City F.C.,Premier League,2022/23,Defender,2,2,0,0
wikipedia,Wilfred_Ndidi,Wilfred Ndidi,Leicester City F.C.,Premier League,2022/23,Midfielder,27,19,8,0
wikipedia,Wout_Faes,Wout Faes,Leicester City F.C.,Premier League,2022/23,Defender,31,31,0,1
wikipedia,Youri_Tielemans,Youri Tielemans,Leicester City F.C.,Premier League,2022/23,Midfielder,31,27,4,3
wikipedia,Çağlar_Söyüncü,Çağlar Söyüncü,Leicester City F.C.,Premier League,2022/23,Defender,7,6,1,1
wikipedia,Alex_Oxlade-Chamberlain,Alex Oxlade-Chamberlain,Liverpool F.C.,Premier League,2022/23,Midfielder,9,4,5,1
wikipedia,Alisson_Becker,Alisson,Liverpool F.C.,Premier League,2022/23,Goalkeeper,37,37,0,0
wikipedia,Andy_Robertson,Andy Robertson,Liverpool F.C.,Premier League,2022/23,Defender,34,29,5,0
wikipedia,Ben_Gannon-Doak,Ben Gannon-Doak,Liverpool F.C.,Premier League,2022/23,Forward,2,0,2,0
wikipedia,"Bobby_Clark_(footballer,_born_2005)",Bobby Clark,Liverpool F.C.,Premier League,2022/23,Midfielder,1,0,1,0
wikipedia,Caoimhín_Kelleher,Caoimhín Kelleher,Liverpool F.C.,Premier League,2022/23,Goalkeeper,1,1,0,0
wikipedia,Cody_Gakpo,Cody Gakpo,Liverpool F.C.,Premier League,2022/23,Forward,21,17,4,7
wikipedia,"Curtis_Jones_(footballer,_born_2001)",Curtis Jones,Liverpool F.C.,Premier League,2022/23,Midfielder,18,12,6,3
wikipedia,Darwin_Núñez,Darwin Núñez,Liverpool F.C.,Premier League,2022/23,Forward,29,19,10,9
wikipedia,Diogo_Jota,Diogo Jota,Liverpool F.C.,Premier League,2022/23,Forward,22,12,10,7
wikipedia,"Fabinho_(footballer,_born_1993)",Fabinho,Liverpool F.C.,Premier League,2022/23,Midfielder,36,31,5,0
wikipedia,"Fabio_Carvalho_(footballer,_born_2002)",Fabio Carvalho,Liverpool F.C.,Premier League,2022/23,Forward,13,4,9,0
wikipedia,Harvey_Elliott,Harvey Elliott,Liverpool F.C.,Premier League,2022/23,Midfielder,32,18,14,1
wikipedia,Ibrahima_Konaté,Ibrahima Konaté,Liverpool F.C.,Premier League,2022/23,Defender,18,17,1,0
wikipedia,James_Milner,James Milner,Liverpool F.C.,Premier League,2022/23,Midfielder,31,7,24,0
wikipedia,Joe_Gomez,Joe Gomez,Liverpool F.C.,Premier League,2022/23,Defender,21,15,6,0
wikipedia,Jordan_Henderson,Jordan Henderson,Liverpool F.C.,Premier League,2022/23,Midfielder,35,23,12,0
wikipedia,Joël_Matip,Joël Matip,Liverpool F.C.,Premier League,2022/23,Defender,14,12,2,1
wikipedia,Kostas_Tsimikas,Kostas Tsimikas,Liverpool F.C.,Premier League,2022/23,Defender,20,9,11,0
wikipedia,"Luis_Díaz_(footballer,_born_1997)",Luis Díaz,Liverpool F.C.,Premier League,2022/23,Forward,17,11,6,4
wikipedia,Mohamed_Salah,Mohamed Salah,Liverpool F.C.,Premier League,2022/23,Forward,38,37,1,19
wikipedia,Naby_Keïta,Naby Keïta,Liverpool F.C.,Premier League,2022/23,Midfielder,8,3,5,0
wikipedia,Nat_Phillips,Nat Phillips,Liverpool F.C.,Premier League,2022/23,Defender,2,1,1,0
wikipedia,Roberto_Firmino,Roberto Firmino,Liverpool F.C.,Premier League,2022/23,Forward,25,13,12,11
wikipedia,Stefan_Bajcetic,Stefan Bajcetic,Liverpool F.C.,Premier League,2022/23,Midfielder,11,6,5,1
wikipedia,Thiago_Alcântara,Thiago,Liverpool F.C.,Premier League,2022/23,Midfielder,18,14,4,0
wikipedia,Trent_Alexander-Arnold,Trent Alexander-Arnold,Liverpool F.C.,Premier League,2022/23,Defender,37,34,3,2
wikipedia,Virgil_van_Dijk,Virgil van Dijk,Liverpool F.C.,Premier League,2022/23,Defender,32,32,0,3
wikipedia,Aymeric_Laporte,Aymeric Laporte,Manchester City F.C.,Premier League,2022/23,,12,,,0
wikipedia,Cole_Palmer,Cole Palmer,Manchester City F.C.,Premier League,2022/23,Midfielder,14,,,0
wikipedia,"Ederson_(footballer,_born_1993)",Ederson,Manchester City F.C.,Premier League,2022/23,,35,,,0
wikipedia,Erling_Haaland,Erling Haaland,Manchester City F.C.,Premier League,2022/23,Forward,35,,,36
wikipedia,Jack_Grealish,Jack Grealish,Manchester City F.C.,Premier League,2022/23,Midfielder,28,,,5
wikipedia,John_Stones,John Stones,Manchester City F.C.,Premier League,2022/23,Defender,23,,,2
wikipedia,João_Cancelo,João Cancelo,Manchester City F.C.,Premier League,2022/23,Defender,17,,,2
wikipedia,Julián_Álvarez,Julián Álvarez,Manchester City F.C.,Premier League,2022/23,Forward,30,,,9
wikipedia,Kalvin_Phillips,Kalvin Phillips,Manchester City F.C.,Premier League,2022/23,,12,,,0
wikipedia,Kevin_De_Bruyne,Kevin De Bruyne,Manchester City F.C.,Premier League,2022/23,Midfielder,32,,,7
wikipedia,Kyle_Walker,Kyle Walker,Manchester City F.C.,Premier League,2022/23,,27,,,0
wikipedia,Manuel_Akanji,Manuel Akanji,Manchester City F.C.,Premier League,2022/23,Defender,29,,,0
wikipedia,Máximo_Perrone,Máximo Perrone,Manchester City F.C.,Premier League,2022/23,,1,,,0
wikipedia,Nathan_Aké,Nathan Aké,Manchester City F.C.,Premier League,2022/23,Defender,27,,,1
wikipedia,Phil_Foden,Phil Foden,Manchester City F.C.,Premier League,2022/23,Midfielder,32,,,11
wikipedia,Rico_Lewis,Rico Lewis,Manchester City F.C.,Premier League,2022/23,Defender,14,,,0
wikipedia,Riyad_Mahrez,Riyad Mahrez,Manchester City F.C.,Premier League,2022/23,Forward,30,,,5
wikipedia,"Rodri_(footballer,_born_1996)",Rodri,Manchester City F.C.,Premier League,2022/23,Midfielder,36,,,2
wikipedia,Rúben_Dias,Rúben Dias,Manchester City F.C.,Premier League,2022/23,Defender,26,,,0
wikipedia,"Sergio_Gómez_(footballer,_born_2000)",Sergio Gómez,Manchester City F.C.,Premier League,2022/23,,12,,,0
wikipedia,Shea_Charles,Shea Charles,Manchester City F.C.,Premier League,2022/23,,1,,,0
wikipedia,Stefan_Ortega,Stefan Ortega,Manchester City F.C.,Premier League,2022/23,,3,,,0
wikipedia,İlkay_Gündoğan,İlkay Gündoğan,Manchester City F.C.,Premier League,2022/23,Midfielder,31,,,8
wikipedia,Aaron_Wan-Bissaka,Aaron Wan-Bissaka,Manchester United F.C.,Premier League,2022/23,Defender,19,16,3,0
wikipedia,Alejandro_Garnacho,Alejandro Garnacho,Manchester United F.C.,Premier League,2022/23,Forward,19,5,14,3
wikipedia,Anthony_Elanga,Anthony Elanga,Manchester United F.C.,Premier League,2022/23,Forward,16,5,11,0
wikipedia,Anthony_Martial,Anthony Martial,Manchester United F.C.,Premier League,2022/23,Forward,21,11,10,6
wikipedia,"Antony_(footballer,_born_2000)",Antony,Manchester United F.C.,Premier League,2022/23,Forward,25,23,2,4
wikipedia,Bruno_Fernandes,Bruno Fernandes,Manchester United F.C.,Premier League,2022/23,Midfielder,37,37,0,8
wikipedia,Casemiro,Casemiro,Manchester United F.C.,Premier League,2022/23,Midfielder,28,24,4,4
wikipedia,Christian_Eriksen,Christian Eriksen,Manchester United F.C.,Premier League,2022/23,Midfielder,28,25,3,1
wikipedia,Cristiano_Ronaldo,Cristiano Ronaldo,Manchester United F.C.,Premier League,2022/23,Forward,10,4,6,1
wikipedia,David_de_Gea,David de Gea,Manchester United F.C.,Premier League,2022/23,Goalkeeper,38,38,0,0
wikipedia,Diogo_Dalot,Diogo Dalot,Manchester United F.C.,Premier League,2022/23,Defender,26,24,2,1
wikipedia,Donny_van_de_Beek,Donny van de Beek,Manchester United F.C.,Premier League,2022/23,Midfielder,7,2,5,0
wikipedia,Facundo_Pellistri,Facundo Pellistri,Manchester United F.C.,Premier League,2022/23,Midfielder,4,0,4,0
wikipedia,"Fred_(footballer,_born_1993)",Fred,Manchester United F.C.,Premier League,2022/23,Midfielder,35,12,23,2
wikipedia,Harry_Maguire,Harry Maguire,Manchester United F.C.,Premier League,2022/23,Defender,16,8,8,0
wikipedia,Jadon_Sancho,Jadon Sancho,Manchester United F.C.,Premier League,2022/23,Forward,26,21,5,6
wikipedia,Kobbie_Mainoo,Kobbie Mainoo,Manchester United F.C.,Premier League,2022/23,Midfielder,1,0,1,0
wikipedia,Lisandro_Martínez,Lisandro Martínez,Manchester United F.C.,Premier League,2022/23,Defender,27,24,3,1
wikipedia,Luke_Shaw,Luke Shaw,Manchester United F.C.,Premier League,2022/23,Defender,31,30,1,1
wikipedia,Marcel_Sabitzer,Marcel Sabitzer,Manchester United F.C.,Premier League,2022/23,Midfielder,11,7,4,0
wikipedia,Marcus_Rashford,Marcus Rashford,Manchester United F.C.,Premier League,2022/23,Forward,35,32,3,17
wikipedia,Raphaël_Varane,Raphaël Varane,Manchester United F.C.,Premier League,2022/23,Defender,24,22,2,0
wikipedia,Scott_McTominay,Scott McTominay,Manchester United F.C.,Premier League,2022/23,Midfielder,24,10,14,1
wikipedia,Tyrell_Malacia,Tyrell Malacia,Manchester United F.C.,Premier League,2022/23,Defender,22,14,8,0
wikipedia,Victor_Lindelöf,Victor Lindelöf,Manchester United F.C.,Premier League,2022/23,Defender,20,14,6,0
wikipedia,Wout_Weghorst,Wout Weghorst,Manchester United F.C.,Premier League,2022/23,Forward,17,10,7,0
wikipedia,Alexander_Isak,Alexander Isak,Newcastle United F.C.,Premier League,2022/23,Forward,22,17,5,10
wikipedia,Allan_Saint-Maximin,Allan Saint-Maximin,Newcastle United F.C.,Premier League,2022/23,Midfielder,25,12,13,1
wikipedia,Anthony_Gordon_(footballer),Anthony Gordon,Newcastle United F.C.,Premier League,2022/23,Midfielder,16,4,12,1
wikipedia,Bruno_Guimarães,Bruno Guimarães,Newcastle United F.C.,Premier League,2022/23,Midfielder,32,32,0,4
wikipedia,"Callum_Wilson_(footballer,_born_1992)",Callum Wilson,Newcastle United F.C.,Premier League,2022/23,Forward,31,21,10,18
wikipedia,"Chris_Wood_(footballer,_born_1991)",Chris Wood,Newcastle United F.C.,Premier League,2022/23,Forward,18,4,14,2
wikipedia,Dan_Burn,Dan Burn,Newcastle United F.C.,Premier League,2022/23,Defender,38,35,3,1
wikipedia,Elliot_Anderson_(footballer),Elliot Anderson,Newcastle United F.C.,Premier League,2022/23,Midfielder,22,3,19,0
wikipedia,Emil_Krafth,Emil Krafth,Newcastle United F.C.,Premier League,2022/23,Defender,1,0,1,0
wikipedia,Fabian_Schär,Fabian Schär,Newcastle United F.C.,Premier League,2022/23,Defender,36,36,0,1
wikipedia,Jacob_Murphy,Jacob Murphy,Newcastle United F.C.,Premier League,2022/23,Midfielder,36,14,22,4
wikipedia,Jamaal_Lascelles,Jamaal Lascelles,Newcastle United F.C.,Premier League,2022/23,Defender,7,2,5,0
wikipedia,Jamal_Lewis_(footballer),Jamal Lewis,Newcastle United F.C.,Premier League,2022/23,Defender,2,0,2,0
wikipedia,Javier_Manquillo,Javier Manquillo,Newcastle United F.C.,Premier League,2022/23,Defender,4,0,4,0
wikipedia,Joe_Willock,Joe Willock,Newcastle United F.C.,Premier League,2022/23,Midfielder,35,31,4,3
wikipedia,Joelinton,Joelinton,Newcastle United F.C.,Premier League,2022/23,Midfielder,32,30,2,6
wikipedia,Jonjo_Shelvey,Jonjo Shelvey,Newcastle United F.C.,Premier League,2022/23,Midfielder,3,0,3,0
wikipedia,Kieran_Trippier,Kieran Trippier,Newcastle United F.C.,Premier League,2022/23,Defender,38,38,0,1
wikipedia,Lewis_Miley,Lewis Miley,Newcastle United F.C.,Premier League,2022/23,Midfielder,1,0,1,0
wikipedia,Martin_Dúbravka,Martin Dúbravka,Newcastle United F.C.,Premier League,2022/23,Goalkeeper,2,1,1,0
wikipedia,Matt_Ritchie,Matt Ritchie,Newcastle United F.C.,Premier League,2022/23,Midfielder,7,0,7,0
wikipedia,Matt_Targett,Matt Targett,Newcastle United F.C.,Premier League,2022/23,Defender,17,6,11,0
wikipedia,Miguel_Almirón,Miguel Almirón,Newcastle United F.C.,Premier League,2022/23,Midfielder,34,29,5,11
wikipedia,Nick_Pope_(footballer),Nick Pope,Newcastle United F.C.,Premier League,2022/23,Goalkeeper,37,37,0,0
wikipedia,Ryan_Fraser,Ryan Fraser,Newcastle United F.C.,Premier League,2022/23,Midfielder,8,3,5,0
wikipedia,Sean_Longstaff,Sean Longstaff,Newcastle United F.C.,Premier League,2022/23,Midfielder,33,28,5,1
wikipedia,Sven_Botman,Sven Botman,Newcastle United F.C.,Premier League,2022/23,Defender,36,35,1,0
wikipedia,Alex_Mighten,Alex Mighten,Nottingham Forest F.C.,Premier League,2022/23,Forward,1,0,1,0
wikipedia,André_Ayew,André Ayew,Nottingham Forest F.C.,Premier League,2022/23,Forward,13,1,12,0
wikipedia,Brennan_Johnson,Brennan Johnson,Nottingham Forest F.C.,Premier League,2022/23,Forward,38,33,5,8
wikipedia,"Cafú_(footballer,_born_1993)",Cafú,Nottingham Forest F.C.,Premier League,2022/23,Midfielder,1,0,1,0
wikipedia,Cheikhou_Kouyaté,Cheikhou Kouyaté,Nottingham Forest F.C.,Premier League,2022/23,Midfielder,21,10,11,1
wikipedia,"Chris_Wood_(footballer,_born_1991)",Chris Wood,Nottingham Forest F.C.,Premier League,2022/23,Forward,7,5,2,1
wikipedia,"Danilo_(footballer,_born_2001)",Danilo,Nottingham Forest F.C.,Premier League,2022/23,Midfielder,13,12,1,3
wikipedia,Dean_Henderson,Dean Henderson,Nottingham Forest F.C.,Premier League,2022/23,Goalkeeper,18,18,0,0
wikipedia,Emmanuel_Dennis,Emmanuel Dennis,Nottingham Forest F.C.,Premier League,2022/23,Forward,19,6,13,2
wikipedia,"Felipe_(footballer,_born_1989)",Felipe,Nottingham Forest F.C.,Premier League,2022/23,Defender,16,15,1,0
wikipedia,Giulian_Biancone,Giulian Biancone,Nottingham Forest F.C.,Premier League,2022/23,Defender,2,0,2,0
wikipedia,Gustavo_Scarpa,Gustavo Scarpa,Nottingham Forest F.C.,Premier League,2022/23,Midfielder,6,2,4,0
wikipedia,Harry_Toffolo,Harry Toffolo,Nottingham Forest F.C.,Premier League,2022/23,Defender,19,9,10,0
wikipedia,Jack_Colback,Jack Colback,Nottingham Forest F.C.,Premier League,2022/23,Midfielder,11,4,7,0
wikipedia,Jesse_Lingard,Jesse Lingard,Nottingham Forest F.C.,Premier League,2022/23,Midfielder,17,12,5,0
wikipedia,Joe_Worrall_(footballer),Joe Worrall,Nottingham Forest F.C.,Premier League,2022/23,Defender,30,21,9,1
wikipedia,Jonjo_Shelvey,Jonjo Shelvey,Nottingham Forest F.C.,Premier League,2022/23,Midfielder,8,6,2,0
wikipedia,Keylor_Navas,Keylor Navas,Nottingham Forest F.C.,Premier League,2022/23,Goalkeeper,17,17,0,0
wikipedia,Lewis_O'Brien_(footballer),Lewis O'Brien,Nottingham Forest F.C.,Premier League,2022/23,Midfielder,13,6,7,1
wikipedia,Morgan_Gibbs-White,Morgan Gibbs-White,Nottingham Forest F.C.,Premier League,2022/23,Midfielder,35,34,1,5
wikipedia,Moussa_Niakhaté,Moussa Niakhaté,Nottingham Forest F.C.,Premier League,2022/23,Defender,14,14,0,0
wikipedia,Neco_Williams,Neco Williams,Nottingham Forest F.C.,Premier League,2022/23,Defender,31,20,11,1
wikipedia,Orel_Mangala,Orel Mangala,Nottingham Forest F.C.,Premier League,2022/23,Midfielder,27,20,7,1
wikipedia,Remo_Freuler,Remo Freuler,Nottingham Forest F.C.,Premier League,2022/23,Midfielder,28,24,4,0
wikipedia,Renan_Lodi,Renan Lodi,Nottingham Forest F.C.,Premier League,2022/23,Defender,28,26,2,0
wikipedia,Ryan_Yates,Ryan Yates,Nottingham Forest F.C.,Premier League,2022/23,Midfielder,26,21,5,0
wikipedia,Sam_Surridge,Sam Surridge,Nottingham Forest F.C.,Premier League,2022/23,Forward,20,1,19,1
wikipedia,Scott_McKenna,Scott McKenna,Nottingham Forest F.C.,Premier League,2022/23,Defender,20,19,1,0
wikipedia,Serge_Aurier,Serge Aurier,Nottingham Forest F.C.,Premier League,2022/23,Defender,24,22,2,1
wikipedia,Steve_Cook,Steve Cook,Nottingham Forest F.C.,Premier League,2022/23,Defender,12,11,1,0
wikipedia,Taiwo_Awoniyi,Taiwo Awoniyi,Nottingham Forest F.C.,Premier League,2022/23,Forward,27,17,10,10
wikipedia,Wayne_Hennessey,Wayne Hennessey,Nottingham Forest F.C.,Premier League,2022/23,Goalkeeper,4,3,1,0
wikipedia,Willy_Boly,Willy Boly,Nottingham Forest F.C.,Premier League,2022/23,Defender,11,9,2,0
wikipedia,Adam_Armstrong_(footballer),Adam Armstrong,Southampton F.C.,Premier League,2022/23,Forward,30,14,16,2
wikipedia,Ainsley_Maitland-Niles,Ainsley Maitland-Niles,Southampton F.C.,Premier League,2022/23,Midfielder,22,13,9,0
wikipedia,Alex_McCarthy,Alex McCarthy,Southampton F.C.,Premier League,2022/23,Goalkeeper,6,6,0,0
wikipedia,Armel_Bella-Kotchap,Armel Bella-Kotchap,Southampton F.C.,Premier League,2022/23,Defender,24,24,0,0
wikipedia,Carlos_Alcaraz_(footballer),Carlos Alcaraz,Southampton F.C.,Premier League,2022/23,Midfielder,18,13,5,4
wikipedia,Ché_Adams,Ché Adams,Southampton F.C.,Premier League,2022/23,Forward,28,23,5,5
wikipedia,Dom_Ballard,Dom Ballard,Southampton F.C.,Premier League,2022/23,Forward,2,0,2,0
wikipedia,Duje_Ćaleta-Car,Duje Ćaleta-Car,Southampton F.C.,Premier League,2022/23,Defender,13,9,4,1
wikipedia,Gavin_Bazunu,Gavin Bazunu,Southampton F.C.,Premier League,2022/23,Goalkeeper,32,32,0,0
wikipedia,"Ibrahima_Diallo_(footballer,_born_1999)",Ibrahima Diallo,Southampton F.C.,Premier League,2022/23,Midfielder,18,11,7,0
wikipedia,Jack_Stephens_(footballer),Jack Stephens,Southampton F.C.,Premier League,2022/23,Defender,2,0,2,0
wikipedia,James_Bree_(footballer),James Bree,Southampton F.C.,Premier League,2022/23,Defender,5,4,1,0
wikipedia,James_Ward-Prowse,James Ward-Prowse,Southampton F.C.,Premier League,2022/23,Midfielder,38,38,0,9
wikipedia,Jan_Bednarek,Jan Bednarek,Southampton F.C.,Premier League,2022/23,Defender,20,20,0,0
wikipedia,Juan_Larios,Juan Larios,Southampton F.C.,Premier League,2022/23,Defender,5,2,3,0
wikipedia,Kamaldeen_Sulemana,Kamaldeen Sulemana,Southampton F.C.,Premier League,2022/23,Midfielder,18,10,8,2
wikipedia,Kamari_Doyle,Kamari Doyle,Southampton F.C.,Premier League,2022/23,Midfielder,1,0,1,0
wikipedia,Lyanco,Lyanco,Southampton F.C.,Premier League,2022/23,Defender,21,11,10,1
wikipedia,Mislav_Oršić,Mislav Oršić,Southampton F.C.,Premier League,2022/23,Midfielder,1,0,1,0
wikipedia,Mohamed_Elyounoussi,Mohamed Elyounoussi,Southampton F.C.,Premier League,2022/23,Midfielder,33,27,6,1
wikipedia,Mohammed_Salisu,Mohammed Salisu,Southampton F.C.,Premier League,2022/23,Defender,22,21,1,0
wikipedia,Moussa_Djenepo,Moussa Djenepo,Southampton F.C.,Premier League,2022/23,Midfielder,16,7,9,0
wikipedia,Nathan_Redmond,Nathan Redmond,Southampton F.C.,Premier League,2022/23,Midfielder,1,0,1,0
wikipedia,Oriol_Romeu,Oriol Romeu,Southampton F.C.,Premier League,2022/23,Midfielder,1,1,0,0
wikipedia,Paul_Onuachu,Paul Onuachu,Southampton F.C.,Premier League,2022/23,Forward,11,4,7,0
wikipedia,Romain_Perraud,Romain Perraud,Southampton F.C.,Premier League,2022/23,Defender,29,22,7,0
wikipedia,Roméo_Lavia,Roméo Lavia,Southampton F.C.,Premier League,2022/23,Midfielder,29,26,3,1
wikipedia,Sam_Amo-Ameyaw,Sam Amo-Ameyaw,Southampton F.C.,Premier League,2022/23,Midfielder,1,0,1,0
wikipedia,Samuel_Edozie,Samuel Edozie,Southampton F.C.,Premier League,2022/23,Midfielder,17,5,12,0
wikipedia,Stuart_Armstrong,Stuart Armstrong,Southampton F.C.,Premier League,2022/23,Midfielder,32,14,18,2
wikipedia,Sékou_Mara,Sékou Mara,Southampton F.C.,Premier League,2022/23,Forward,22,3,19,1
wikipedia,Theo_Walcott,Theo Walcott,Southampton F.C.,Premier League,2022/23,Midfielder,20,13,7,2
wikipedia,Tino_Livramento,Tino Livramento,Southampton F.C.,Premier League,2022/23,Defender,2,0,2,0
wikipedia,Yan_Valery,Yan Valery,Southampton F.C.,Premier League,2022/23,Defender,1,1,0,0
wikipedia,Arnaut_Danjuma,Arnaut Danjuma,Tottenham Hotspur F.C.,Premier League,2022/23,Forward,9,1,8,1
wikipedia,"Ben_Davies_(footballer,_born_1993)",Ben Davies,Tottenham Hotspur F.C.,Premier League,2022/23,Defender,31,26,5,2
wikipedia,Bryan_Gil,Bryan Gil,Tottenham Hotspur F.C.,Premier League,2022/23,Forward,4,2,2,0
wikipedia,Clément_Lenglet,Clément Lenglet,Tottenham Hotspur F.C.,Premier League,2022/23,Defender,26,24,2,0
wikipedia,"Cristian_Romero_(footballer,_born_1998)",Cristian Romero,Tottenham Hotspur F.C.,Premier League,2022/23,Defender,27,26,1,0
wikipedia,Davinson_Sánchez,Davinson Sánchez,Tottenham Hotspur F.C.,Premier League,2022/23,Defender,18,8,10,0
wikipedia,Dejan_Kulusevski,Dejan Kulusevski,Tottenham Hotspur F.C.,Premier League,2022/23,Forward,30,23,7,2
wikipedia,Djed_Spence,Djed Spence,Tottenham Hotspur F.C.,Premier League,2022/23,Defender,4,0,4,0
wikipedia,Emerson_Royal,Emerson Royal,Tottenham Hotspur F.C.,Premier League,2022/23,Defender,26,20,6,2
wikipedia,Eric_Dier,Eric Dier,Tottenham Hotspur F.C.,Premier League,2022/23,Defender,33,31,2,2
wikipedia,Fraser_Forster,Fraser Forster,Tottenham Hotspur F.C.,Premier League,2022/23,Goalkeeper,14,13,1,0
wikipedia,"George_Abbott_(footballer,_born_August_2005)",George Abbott,Tottenham Hotspur F.C.,Premier League,2022/23,Defender,1,0,1,0
wikipedia,Harry_Kane,Harry Kane,Tottenham Hotspur F.C.,Premier League,2022/23,Forward,38,38,0,30
wikipedia,Harvey_White_(footballer),Harvey White,Tottenham Hotspur F.C.,Premier League,2022/23,Midfielder,1,0,1,0
wikipedia,Hugo_Lloris,Hugo Lloris,Tottenham Hotspur F.C.,Premier League,2022/23,Goalkeeper,25,25,0,0
wikipedia,Ivan_Perišić,Ivan Perišić,Tottenham Hotspur F.C.,Premier League,2022/23,Midfielder,34,23,11,1
wikipedia,Japhet_Tanganga,Japhet Tanganga,Tottenham Hotspur F.C.,Premier League,2022/23,Defender,4,2,2,0
wikipedia,Lucas_Moura,Lucas Moura,Tottenham Hotspur F.C.,Premier League,2022/23,Forward,15,0,15,1
wikipedia,"Matt_Doherty_(footballer,_born_1992)",Matt Doherty,Tottenham Hotspur F.C.,Premier League,2022/23,Defender,12,7,5,1
wikipedia,Matthew_Craig,Matthew Craig,Tottenham Hotspur F.C.,Premier League,2022/23,Midfielder,1,0,1,0
wikipedia,Oliver_Skipp,Oliver Skipp,Tottenham Hotspur F.C.,Premier League,2022/23,Midfielder,23,18,5,1
wikipedia,Pape_Matar_Sarr,Pape Matar Sarr,Tottenham Hotspur F.C.,Premier League,2022/23,Midfielder,11,2,9,0
wikipedia,Pedro_Porro,Pedro Porro,Tottenham Hotspur F.C.,Premier League,2022/23,Defender,15,13,2,3
wikipedia,Pierre-Emile_Højbjerg,Pierre-Emile Højbjerg,Tottenham Hotspur F.C.,Premier League,2022/23,Midfielder,35,35,0,4
wikipedia,Richarlison,Richarlison,Tottenham Hotspur F.C.,Premier League,2022/23,Forward,27,12,15,1
wikipedia,Rodrigo_Bentancur,Rodrigo Bentancur,Tottenham Hotspur F.C.,Premier League,2022/23,Midfielder,18,17,1,5
wikipedia,Ryan_Sessegnon,Ryan Sessegnon,Tottenham Hotspur F.C.,Premier League,2022/23,Defender,17,9,8,2
wikipedia,Son_Heung-min,Son Heung-min,Tottenham Hotspur F.C.,Premier League,2022/23,Forward,36,33,3,10
wikipedia,Yves_Bissouma,Yves Bissouma,Tottenham Hotspur F.C.,Premier League,2022/23,Midfielder,23,10,13,0
wikipedia,Aaron_Cresswell,Aaron Cresswell,West Ham United F.C.,Premier League,2022/23,Defender,28,24,4,0
wikipedia,Alphonse_Areola,Alphonse Areola,West Ham United F.C.,Premier League,2022/23,Goalkeeper,5,2,3,0
wikipedia,Angelo_Ogbonna,Angelo Ogbonna,West Ham United F.C.,Premier League,2022/23,Defender,16,13,3,0
wikipedia,"Ben_Johnson_(footballer,_born_2000)",Ben Johnson,West Ham United F.C.,Premier League,2022/23,Defender,17,9,8,0
wikipedia,Conor_Coventry,Conor Coventry,West Ham United F.C.,Premier League,2022/23,Midfielder,1,0,1,0
wikipedia,Craig_Dawson,Craig Dawson,West Ham United F.C.,Premier League,2022/23,Defender,8,8,0,0
wikipedia,Danny_Ings,Danny Ings,West Ham United F.C.,Premier League,2022/23,Forward,17,7,10,2
wikipedia,Declan_Rice,Declan Rice,West Ham United F.C.,Premier League,2022/23,Midfielder,37,36,1,4
wikipedia,Divin_Mubama,Divin Mubama,West Ham United F.C.,Premier League,2022/23,Forward,3,0,3,0
wikipedia,Emerson_Palmieri,Emerson,West Ham United F.C.,Premier League,2022/23,Defender,22,17,5,1
wikipedia,Flynn_Downes,Flynn Downes,West Ham United F.C.,Premier League,2022/23,Midfielder,21,7,14,0
wikipedia,Gianluca_Scamacca,Gianluca Scamacca,West Ham United F.C.,Premier League,2022/23,Forward,16,11,5,3
wikipedia,Jarrod_Bowen,Jarrod Bowen,West Ham United F.C.,Premier League,2022/23,Forward,38,36,2,6
wikipedia,Kurt_Zouma,Kurt Zouma,West Ham United F.C.,Premier League,2022/23,Defender,25,24,1,2
wikipedia,Lucas_Paquetá,Lucas Paquetá,West Ham United F.C.,Premier League,2022/23,Midfielder,28,27,1,4
wikipedia,Manuel_Lanzini,Manuel Lanzini,West Ham United F.C.,Premier League,2022/23,Midfielder,10,2,8,1
wikipedia,Maxwel_Cornet,Maxwel Cornet,West Ham United F.C.,Premier League,2022/23,Forward,14,2,12,0
wikipedia,Michail_Antonio,Michail Antonio,West Ham United F.C.,Premier League,2022/23,Forward,33,21,12,5
wikipedia,Nayef_Aguerd,Nayef Aguerd,West Ham United F.C.,Premier League,2022/23,Defender,18,17,1,2
wikipedia,Pablo_Fornals,Pablo Fornals,West Ham United F.C.,Premier League,2022/23,Midfielder,32,17,15,3
wikipedia,Saïd_Benrahma,Saïd Benrahma,West Ham United F.C.,Premier League,2022/23,Forward,35,22,13,6
wikipedia,Thilo_Kehrer,Thilo Kehrer,West Ham United F.C.,Premier League,2022/23,Defender,27,25,2,0
wikipedia,Tomáš_Souček,Tomáš Souček,West Ham United F.C.,Premier League,2022/23,Midfielder,36,32,4,2
wikipedia,Vladimír_Coufal,Vladimír Coufal,West Ham United F.C.,Premier League,2022/23,Defender,27,24,3,0
wikipedia,Łukasz_Fabiański,Łukasz Fabiański,West Ham United F.C.,Premier League,2022/23,Goalkeeper,36,36,0,0
wikipedia,"Adama_Traoré_(footballer,_born_1996)",Adama Traoré,Wolverhampton Wanderers F.C.,Premier League,2022/23,Forward,34,12,22,2
wikipedia,"Boubacar_Traoré_(footballer,_born_2001)",Boubacar Traoré,Wolverhampton Wanderers F.C.,Premier League,2022/23,Midfielder,10,4,6,0
wikipedia,Chem_Campbell,Chem Campbell,Wolverhampton Wanderers F.C.,Premier League,2022/23,Forward,5,0,5,0
wikipedia,Connor_Ronan,Connor Ronan,Wolverhampton Wanderers F.C.,Premier League,2022/23,Midfielder,1,0,1,0
wikipedia,Craig_Dawson,Craig Dawson,Wolverhampton Wanderers F.C.,Premier League,2022/23,Defender,17,17,0,1
wikipedia,Dan_Bentley_(footballer),Dan Bentley,Wolverhampton Wanderers F.C.,Premier League,2022/23,Goalkeeper,2,2,0,0
wikipedia,Daniel_Podence,Daniel Podence,Wolverhampton Wanderers F.C.,Premier League,2022/23,Forward,32,20,12,6
wikipedia,Dexter_Lembikisa,Dexter Lembikisa,Wolverhampton Wanderers F.C.,Premier League,2022/23,Defender,1,0,1,0
wikipedia,Diego_Costa,Diego Costa,Wolverhampton Wanderers F.C.,Premier League,2022/23,Forward,24,17,7,1
wikipedia,Gonçalo_Guedes,Gonçalo Guedes,Wolverhampton Wanderers F.C.,Premier League,2022/23,Forward,13,8,5,1
wikipedia,"Hugo_Bueno_(footballer,_born_2002)",Hugo Bueno,Wolverhampton Wanderers F.C.,Premier League,2022/23,Defender,21,16,5,0
wikipedia,Joe_Hodge,Joe Hodge,Wolverhampton Wanderers F.C.,Premier League,2022/23,Midfielder,6,1,5,0
wikipedia,Jonny_(footballer),Jonny,Wolverhampton Wanderers F.C.,Premier League,2022/23,Defender,18,14,4,1
wikipedia,José_Sá,José Sá,Wolverhampton Wanderers F.C.,Premier League,2022/23,Goalkeeper,36,36,0,0
wikipedia,"João_Gomes_(footballer,_born_2001)",João Gomes,Wolverhampton Wanderers F.C.,Premier League,2022/23,Midfielder,11,7,4,1
wikipedia,João_Moutinho,João Moutinho,Wolverhampton Wanderers F.C.,Premier League,2022/23,Midfielder,31,20,11,0
wikipedia,Leander_Dendoncker,Leander Dendoncker,Wolverhampton Wanderers F.C.,Premier League,2022/23,Midfielder,4,2,2,0
wikipedia,Mario_Lemina,Mario Lemina,Wolverhampton Wanderers F.C.,Premier League,2022/23,Midfielder,19,17,2,0
wikipedia,Matheus_Cunha,Matheus Cunha,Wolverhampton Wanderers F.C.,Premier League,2022/23,Forward,17,12,5,2
wikipedia,Matheus_Nunes,Matheus Nunes,Wolverhampton Wanderers F.C.,Premier League,2022/23,Midfielder,34,30,4,1
wikipedia,Morgan_Gibbs-White,Morgan Gibbs-White,Wolverhampton Wanderers F.C.,Premier League,2022/23,Midfielder,2,2,0,0
wikipedia,Nathan_Collins,Nathan Collins,Wolverhampton Wanderers F.C.,Premier League,2022/23,Defender,26,19,7,0
wikipedia,Nélson_Semedo,Nélson Semedo,Wolverhampton Wanderers F.C.,Premier League,2022/23,Defender,36,31,5,0
wikipedia,Pablo_Sarabia,Pablo Sarabia,Wolverhampton Wanderers F.C.,Premier League,2022/23,Midfielder,13,9,4,1
wikipedia,Pedro_Neto,Pedro Neto,Wolverhampton Wanderers F.C.,Premier League,2022/23,Forward,18,13,5,0
wikipedia,Rayan_Aït-Nouri,Rayan Aït-Nouri,Wolverhampton Wanderers F.C.,Premier League,2022/23,Defender,21,9,12,1
wikipedia,Raúl_Jiménez,Raúl Jiménez,Wolverhampton Wanderers F.C.,Premier League,2022/23,Forward,15,8,7,0
wikipedia,Saša_Kalajdžić,Saša Kalajdžić,Wolverhampton Wanderers F.C.,Premier League,2022/23,Forward,1,1,0,0
wikipedia,Toti_Gomes,Toti Gomes,Wolverhampton Wanderers F.C.,Premier League,2022/23,Defender,17,10,7,1
wikipedia,"Adam_Smith_(footballer,_born_1991)",Adam Smith,AFC Bournemouth,Premier League,2023/24,Defender,28,25,3,0
wikipedia,"Alex_Scott_(footballer,_born_2003)",Alex Scott,AFC Bournemouth,Premier League,2023/24,Midfielder,23,11,12,1
wikipedia,Antoine_Semenyo,Antoine Semenyo,AFC Bournemouth,Premier League,2023/24,Forward,33,25,8,8
wikipedia,Chris_Mepham,Chris Mepham,AFC Bournemouth,Premier League,2023/24,Defender,10,6,4,0
wikipedia,Dango_Ouattara,Dango Ouattara,AFC Bournemouth,Premier League,2023/24,Midfielder,30,12,18,1
wikipedia,David_Brooks_(footballer),David Brooks,AFC Bournemouth,Premier League,2023/24,Midfielder,13,2,11,1
wikipedia,Dominic_Sadi,Dominic Sadi,AFC Bournemouth,Premier League,2023/24,Midfielder,1,0,1,0
wikipedia,Dominic_Solanke,Dominic Solanke,AFC Bournemouth,Premier League,2023/24,Forward,38,37,1,19
wikipedia,Enes_Ünal,Enes Ünal,AFC Bournemouth,Premier League,2023/24,Forward,16,2,14,2
wikipedia,Hamed_Traorè,Hamed Traorè,AFC Bournemouth,Premier League,2023/24,Midfielder,3,0,3,0
wikipedia,Illia_Zabarnyi,Illia Zabarnyi,AFC Bournemouth,Premier League,2023/24,Defender,37,37,0,1
wikipedia,Ionuț_Radu,Ionuț Radu,AFC Bournemouth,Premier League,2023/24,Goalkeeper,2,2,0,0
wikipedia,Jaidon_Anthony,Jaidon Anthony,AFC Bournemouth,Premier League,2023/24,Forward,3,2,1,0
wikipedia,"James_Hill_(footballer,_born_2002)",James Hill,AFC Bournemouth,Premier League,2023/24,Defender,5,1,4,0
wikipedia,Joe_Rothwell,Joe Rothwell,AFC Bournemouth,Premier League,2023/24,Midfielder,11,3,8,0
wikipedia,Justin_Kluivert,Justin Kluivert,AFC Bournemouth,Premier League,2023/24,Forward,32,26,6,7
wikipedia,Kieffer_Moore,Kieffer Moore,AFC Bournemouth,Premier League,2023/24,Forward,8,0,8,1
wikipedia,"Lewis_Cook_(footballer,_born_1997)",Lewis Cook,AFC Bournemouth,Premier League,2023/24,Midfielder,33,32,1,0
wikipedia,Lloyd_Kelly,Lloyd Kelly,AFC Bournemouth,Premier League,2023/24,Defender,23,17,6,0
wikipedia,Luis_Sinisterra,Luis Sinisterra,AFC Bournemouth,Premier League,2023/24,Midfielder,20,7,13,2
wikipedia,Marcos_Senesi,Marcos Senesi,AFC Bournemouth,Premier League,2023/24,Defender,31,26,5,4
wikipedia,Marcus_Tavernier,Marcus Tavernier,AFC Bournemouth,Premier League,2023/24,Midfielder,30,25,5,3
wikipedia,Mark_Travers,Mark Travers,AFC Bournemouth,Premier League,2023/24,Goalkeeper,4,4,0,0
wikipedia,Max_Aarons,Max Aarons,AFC Bournemouth,Premier League,2023/24,Defender,20,13,7,0
wikipedia,Milos_Kerkez,Milos Kerkez,AFC Bournemouth,Premier League,2023/24,Defender,28,22,6,0
wikipedia,"Neto_(footballer,_born_1989)",Neto,AFC Bournemouth,Premier League,2023/24,Goalkeeper,32,32,0,0
wikipedia,Philip_Billing,Philip Billing,AFC Bournemouth,Premier League,2023/24,Midfielder,29,13,16,2
wikipedia,Romain_Faivre,Romain Faivre,AFC Bournemouth,Premier League,2023/24,Midfielder,5,0,5,0
wikipedia,Ryan_Christie,Ryan Christie,AFC Bournemouth,Premier League,2023/24,Midfielder,37,35,2,0
wikipedia,Tyler_Adams,Tyler Adams,AFC Bournemouth,Premier League,2023/24,Midfielder,3,1,2,0
wikipedia,Aaron_Ramsdale,Aaron Ramsdale,Arsenal F.C.,Premier League,2023/24,Goalkeeper,6,6,0,0
wikipedia,Ben_White_(footballer),Ben White,Arsenal F.C.,Premier League,2023/24,Defender,37,35,2,4
wikipedia,Bukayo_Saka,Bukayo Saka,Arsenal F.C.,Premier League,2023/24,Forward,35,35,0,16
wikipedia,Cédric_Soares,Cédric Soares,Arsenal F.C.,Premier League,2023/24,Defender,3,0,3,0
wikipedia,David_Raya,David Raya,Arsenal F.C.,Premier League,2023/24,Goalkeeper,32,32,0,0
wikipedia,Declan_Rice,Declan Rice,Arsenal F.C.,Premier League,2023/24,Midfielder,38,37,1,7
wikipedia,Eddie_Nketiah,Eddie Nketiah,Arsenal F.C.,Premier League,2023/24,Forward,27,10,17,5
wikipedia,Emile_Smith_Rowe,Emile Smith Rowe,Arsenal F.C.,Premier League,2023/24,Midfielder,13,3,10,0
wikipedia,Ethan_Nwaneri,Ethan Nwaneri,Arsenal F.C.,Premier League,2023/24,Midfielder,1,0,1,0
wikipedia,"Fábio_Vieira_(footballer,_born_2000)",Fábio Vieira,Arsenal F.C.,Premier League,2023/24,Midfielder,11,2,9,1
wikipedia,Gabriel_Jesus,Gabriel Jesus,Arsenal F.C.,Premier League,2023/24,Forward,27,17,10,4
wikipedia,Gabriel_Magalhães,Gabriel Magalhães,Arsenal F.C.,Premier League,2023/24,Defender,36,34,2,4
wikipedia,Gabriel_Martinelli,Gabriel Martinelli,Arsenal F.C.,Premier League,2023/24,Forward,35,24,11,6
wikipedia,Jakub_Kiwior,Jakub Kiwior,Arsenal F.C.,Premier League,2023/24,Defender,20,11,9,1
wikipedia,"Jorginho_(footballer,_born_December_1991)",Jorginho,Arsenal F.C.,Premier League,2023/24,Midfielder,24,10,14,0
wikipedia,Jurriën_Timber,Jurriën Timber,Arsenal F.C.,Premier League,2023/24,Defender,2,1,1,0
wikipedia,Kai_Havertz,Kai Havertz,Arsenal F.C.,Premier League,2023/24,Midfielder,37,30,7,13
wikipedia,Leandro_Trossard,Leandro Trossard,Arsenal F.C.,Premier League,2023/24,Forward,34,18,16,12
wikipedia,Martin_Ødegaard,Martin Ødegaard,Arsenal F.C.,Premier League,2023/24,Midfielder,35,35,0,8
wikipedia,Mohamed_Elneny,Mohamed Elneny,Arsenal F.C.,Premier League,2023/24,Midfielder,3,0,3,0
wikipedia,Oleksandr_Zinchenko_(footballer),Oleksandr Zinchenko,Arsenal F.C.,Premier League,2023/24,Defender,27,20,7,1
wikipedia,Reiss_Nelson,Reiss Nelson,Arsenal F.C.,Premier League,2023/24,Forward,15,1,14,0
wikipedia,Takehiro_Tomiyasu,Takehiro Tomiyasu,Arsenal F.C.,Premier League,2023/24,Defender,22,10,12,2
wikipedia,Thomas_Partey,Thomas Partey,Arsenal F.C.,Premier League,2023/24,Midfielder,14,9,5,0
wikipedia,William_Saliba,William Saliba,Arsenal F.C.,Premier League,2023/24,Defender,38,38,0,2
wikipedia,Bertrand_Traoré,Bertrand Traoré,Aston Villa F.C.,Premier League,2023/24,Forward,2,0,2,0
wikipedia,Boubacar_Kamara,Boubacar Kamara,Aston Villa F.C.,Premier League,2023/24,Midfielder,20,20,0,0
wikipedia,Calum_Chambers,Calum Chambers,Aston Villa F.C.,Premier League,2023/24,Defender,5,1,4,0
wikipedia,Cameron_Archer,Cameron Archer,Aston Villa F.C.,Premier League,2023/24,Forward,1,0,1,0
wikipedia,Clément_Lenglet,Clément Lenglet,Aston Villa F.C.,Premier League,2023/24,Defender,14,14,0,0
wikipedia,"Diego_Carlos_(footballer,_born_1993)",Diego Carlos,Aston Villa F.C.,Premier League,2023/24,Defender,27,20,7,0
wikipedia,Douglas_Luiz,Douglas Luiz,Aston Villa F.C.,Premier League,2023/24,Midfielder,35,35,0,9
wikipedia,Emiliano_Martínez,Emiliano Martínez,Aston Villa F.C.,Premier League,2023/24,Goalkeeper,34,34,0,0
wikipedia,Ezri_Konsa,Ezri Konsa,Aston Villa F.C.,Premier League,2023/24,Defender,35,35,0,1
wikipedia,Finley_Munroe,Finley Munroe,Aston Villa F.C.,Premier League,2023/24,Defender,1,0,1,0
wikipedia,Jacob_Ramsey,Jacob Ramsey,Aston Villa F.C.,Premier League,2023/24,Midfielder,16,8,8,1
wikipedia,Jaden_Philogene,Jaden Philogene,Aston Villa F.C.,Premier League,2023/24,Forward,1,0,1,0
wikipedia,Jhon_Durán,Jhon Durán,Aston Villa F.C.,Premier League,2023/24,Forward,23,3,20,5
wikipedia,John_McGinn,John McGinn,Aston Villa F.C.,Premier League,2023/24,Midfielder,35,35,0,6
wikipedia,Kaine_Kesler-Hayden,Kaine Kesler-Hayden,Aston Villa F.C.,Premier League,2023/24,Defender,3,0,3,0
wikipedia,Leon_Bailey,Leon Bailey,Aston Villa F.C.,Premier League,2023/24,Forward,35,22,13,10
wikipedia,Lucas_Digne,Lucas Digne,Aston Villa F.C.,Premier League,2023/24,Defender,33,27,6,1
wikipedia,Matty_Cash,Matty Cash,Aston Villa F.C.,Premier League,2023/24,Defender,29,23,6,2
wikipedia,Morgan_Rogers,Morgan Rogers,Aston Villa F.C.,Premier League,2023/24,Forward,11,8,3,3
wikipedia,Moussa_Diaby,Moussa Diaby,Aston Villa F.C.,Premier League,2023/24,Forward,38,25,13,6
wikipedia,Nicolò_Zaniolo,Nicolò Zaniolo,Aston Villa F.C.,Premier League,2023/24,Midfielder,25,9,16,2
wikipedia,Ollie_Watkins,Ollie Watkins,Aston Villa F.C.,Premier League,2023/24,Forward,37,37,0,19
wikipedia,Omari_Kellyman,Omari Kellyman,Aston Villa F.C.,Premier League,2023/24,Forward,2,0,2,0
wikipedia,Pau_Torres,Pau Torres,Aston Villa F.C.,Premier League,2023/24,Defender,29,27,2,2
wikipedia,Philippe_Coutinho,Philippe Coutinho,Aston Villa F.C.,Premier League,2023/24,Midfielder,2,0,2,0
wikipedia,Robin_Olsen,Robin Olsen,Aston Villa F.C.,Premier League,2023/24,Goalkeeper,5,4,1,0
wikipedia,Tim_Iroegbunam,Tim Iroegbunam,Aston Villa F.C.,Premier League,2023/24,Midfielder,9,1,8,0
wikipedia,Tyrone_Mings,Tyrone Mings,Aston Villa F.C.,Premier League,2023/24,Defender,1,1,0,0
wikipedia,Youri_Tielemans,Youri Tielemans,Aston Villa F.C.,Premier League,2023/24,Midfielder,32,17,15,2
wikipedia,Àlex_Moreno,Àlex Moreno,Aston Villa F.C.,Premier League,2023/24,Defender,21,11,10,2
wikipedia,Aaron_Hickey,Aaron Hickey,Brentford F.C.,Premier League,2023/24,Defender,9,9,0,0
wikipedia,Ben_Mee,Ben Mee,Brentford F.C.,Premier League,2023/24,Defender,16,15,1,2
wikipedia,Bryan_Mbeumo,Bryan Mbeumo,Brentford F.C.,Premier League,2023/24,Forward,25,22,3,9
wikipedia,Christian_Nørgaard,Christian Nørgaard,Brentford F.C.,Premier League,2023/24,Midfielder,31,30,1,2
wikipedia,Ethan_Pinnock,Ethan Pinnock,Brentford F.C.,Premier League,2023/24,Defender,29,28,1,2
wikipedia,Frank_Onyeka,Frank Onyeka,Brentford F.C.,Premier League,2023/24,Midfielder,26,11,15,1
wikipedia,Ivan_Toney,Ivan Toney,Brentford F.C.,Premier League,2023/24,Forward,17,16,1,4
wikipedia,Josh_Dasilva,Josh Dasilva,Brentford F.C.,Premier League,2023/24,Midfielder,3,0,3,0
wikipedia,Keane_Lewis-Potter,Keane Lewis-Potter,Brentford F.C.,Premier League,2023/24,Forward,30,15,15,3
wikipedia,Kevin_Schade,Kevin Schade,Brentford F.C.,Premier League,2023/24,Forward,11,3,8,2
wikipedia,Kristoffer_Ajer,Kristoffer Ajer,Brentford F.C.,Premier League,2023/24,Defender,28,21,7,2
wikipedia,Mads_Roerslev,Mads Roerslev,Brentford F.C.,Premier League,2023/24,Defender,33,22,11,1
wikipedia,Mark_Flekken,Mark Flekken,Brentford F.C.,Premier League,2023/24,Goalkeeper,37,37,0,0
wikipedia,Mathias_Jensen,Mathias Jensen,Brentford F.C.,Premier League,2023/24,Midfielder,32,27,5,3
wikipedia,Mathias_Jørgensen,Mathias Jørgensen,Brentford F.C.,Premier League,2023/24,Defender,14,12,2,1
wikipedia,Michael_Olakigbe,Michael Olakigbe,Brentford F.C.,Premier League,2023/24,Forward,8,0,8,0
wikipedia,Mikkel_Damsgaard,Mikkel Damsgaard,Brentford F.C.,Premier League,2023/24,Midfielder,23,7,16,0
wikipedia,Myles_Peart-Harris,Myles Peart-Harris,Brentford F.C.,Premier League,2023/24,Midfielder,3,0,3,0
wikipedia,Nathan_Collins,Nathan Collins,Brentford F.C.,Premier League,2023/24,Defender,32,29,3,1
wikipedia,Neal_Maupay,Neal Maupay,Brentford F.C.,Premier League,2023/24,Forward,29,13,16,6
wikipedia,Rico_Henry,Rico Henry,Brentford F.C.,Premier League,2023/24,Defender,5,5,0,0
wikipedia,Saman_Ghoddos,Saman Ghoddos,Brentford F.C.,Premier League,2023/24,Midfielder,19,7,12,1
wikipedia,Sergio_Reguilón,Sergio Reguilón,Brentford F.C.,Premier League,2023/24,Defender,16,14,2,0
wikipedia,Shandon_Baptiste,Shandon Baptiste,Brentford F.C.,Premier League,2023/24,Midfielder,10,2,8,1
wikipedia,Thomas_Strakosha,Thomas Strakosha,Brentford F.C.,Premier League,2023/24,Goalkeeper,2,1,1,0
wikipedia,Vitaly_Janelt,Vitaly Janelt,Brentford F.C.,Premier League,2023/24,Midfielder,38,37,1,1
wikipedia,Yehor_Yarmolyuk,Yehor Yarmolyuk,Brentford F.C.,Premier League,2023/24,Midfielder,27,6,21,0
wikipedia,Yoane_Wissa,Yoane Wissa,Brentford F.C.,Premier League,2023/24,Forward,34,29,5,12
wikipedia,Adam_Lallana,Adam Lallana,Brighton & Hove Albion F.C.,Premier League,2023/24,Midfielder,25,13,12,0
wikipedia,"Adam_Webster_(footballer,_born_1995)",Adam Webster,Brighton & Hove Albion F.C.,Premier League,2023/24,Defender,15,13,2,0
wikipedia,Ansu_Fati,Ansu Fati,Brighton & Hove Albion F.C.,Premier League,2023/24,Midfielder,19,3,16,2
wikipedia,Bart_Verbruggen,Bart Verbruggen,Brighton & Hove Albion F.C.,Premier League,2023/24,Goalkeeper,21,21,0,0
wikipedia,Benicio_Baker-Boaitey,Benicio Baker-Boaitey,Brighton & Hove Albion F.C.,Premier League,2023/24,Midfielder,5,0,5,0
wikipedia,Billy_Gilmour,Billy Gilmour,Brighton & Hove Albion F.C.,Premier League,2023/24,Midfielder,30,24,6,0
wikipedia,Carlos_Baleba,Carlos Baleba,Brighton & Hove Albion F.C.,Premier League,2023/24,Midfielder,27,15,12,0
wikipedia,Danny_Welbeck,Danny Welbeck,Brighton & Hove Albion F.C.,Premier League,2023/24,Forward,29,21,8,5
wikipedia,Evan_Ferguson,Evan Ferguson,Brighton & Hove Albion F.C.,Premier League,2023/24,Forward,27,15,12,6
wikipedia,Facundo_Buonanotte,Facundo Buonanotte,Brighton & Hove Albion F.C.,Premier League,2023/24,Midfielder,27,17,10,3
wikipedia,Igor_Julio,Igor Julio,Brighton & Hove Albion F.C.,Premier League,2023/24,Defender,25,17,8,0
wikipedia,Jack_Hinshelwood,Jack Hinshelwood,Brighton & Hove Albion F.C.,Premier League,2023/24,Midfielder,12,8,4,3
wikipedia,Jakub_Moder,Jakub Moder,Brighton & Hove Albion F.C.,Premier League,2023/24,Midfielder,17,6,11,0
wikipedia,James_Milner,James Milner,Brighton & Hove Albion F.C.,Premier League,2023/24,Midfielder,15,11,4,0
wikipedia,Jan_Paul_van_Hecke,Jan Paul van Hecke,Brighton & Hove Albion F.C.,Premier League,2023/24,Defender,28,26,2,0
wikipedia,Jason_Steele_(footballer),Jason Steele,Brighton & Hove Albion F.C.,Premier League,2023/24,Goalkeeper,17,17,0,0
wikipedia,"João_Pedro_(footballer,_born_2001)",João Pedro,Brighton & Hove Albion F.C.,Premier League,2023/24,Forward,31,19,12,9
wikipedia,Joël_Veltman,Joël Veltman,Brighton & Hove Albion F.C.,Premier League,2023/24,Defender,27,17,10,1
wikipedia,"Julio_Enciso_(footballer,_born_2004)",Julio Enciso,Brighton & Hove Albion F.C.,Premier League,2023/24,Forward,12,5,7,0
wikipedia,Kaoru_Mitoma,Kaoru Mitoma,Brighton & Hove Albion F.C.,Premier League,2023/24,Midfielder,19,15,4,3
wikipedia,Lewis_Dunk,Lewis Dunk,Brighton & Hove Albion F.C.,Premier League,2023/24,Defender,33,33,0,3
wikipedia,Mahmoud_Dahoud,Mahmoud Dahoud,Brighton & Hove Albion F.C.,Premier League,2023/24,Midfielder,9,6,3,0
wikipedia,Mark_O'Mahony,Mark O'Mahony,Brighton & Hove Albion F.C.,Premier League,2023/24,Forward,3,1,2,0
wikipedia,Odeluga_Offiah,Odeluga Offiah,Brighton & Hove Albion F.C.,Premier League,2023/24,Defender,4,1,3,0
wikipedia,Pascal_Groß,Pascal Groß,Brighton & Hove Albion F.C.,Premier League,2023/24,Midfielder,36,34,2,4
wikipedia,Pervis_Estupiñán,Pervis Estupiñán,Brighton & Hove Albion F.C.,Premier League,2023/24,Defender,19,15,4,2
wikipedia,Simon_Adingra,Simon Adingra,Brighton & Hove Albion F.C.,Premier League,2023/24,Midfielder,31,25,6,6
wikipedia,Solly_March,Solly March,Brighton & Hove Albion F.C.,Premier League,2023/24,Midfielder,7,7,0,3
wikipedia,Tariq_Lamptey,Tariq Lamptey,Brighton & Hove Albion F.C.,Premier League,2023/24,Defender,18,10,8,0
wikipedia,Valentín_Barco,Valentín Barco,Brighton & Hove Albion F.C.,Premier League,2023/24,Defender,6,3,3,0
wikipedia,Aaron_Ramsey_(English_footballer),Aaron Ramsey,Burnley F.C.,Premier League,2023/24,Midfielder,14,5,9,0
wikipedia,Ameen_Al-Dakhil,Ameen Al-Dakhil,Burnley F.C.,Premier League,2023/24,Defender,13,12,1,1
wikipedia,Anass_Zaroury,Anass Zaroury,Burnley F.C.,Premier League,2023/24,Forward,6,1,5,0
wikipedia,Arijanet_Muric,Arijanet Muric,Burnley F.C.,Premier League,2023/24,Goalkeeper,10,10,0,0
wikipedia,"Charlie_Taylor_(footballer,_born_1993)",Charlie Taylor,Burnley F.C.,Premier League,2023/24,Defender,28,25,3,1
wikipedia,"Connor_Roberts_(footballer,_born_1995)",Connor Roberts,Burnley F.C.,Premier League,2023/24,Defender,14,8,6,0
wikipedia,Dara_O'Shea,Dara O'Shea,Burnley F.C.,Premier League,2023/24,Defender,33,32,1,3
wikipedia,David_Datro_Fofana,David Datro Fofana,Burnley F.C.,Premier League,2023/24,Forward,15,10,5,4
wikipedia,Han-Noah_Massengo,Han-Noah Massengo,Burnley F.C.,Premier League,2023/24,Midfielder,3,0,3,0
wikipedia,Hannes_Delcroix,Hannes Delcroix,Burnley F.C.,Premier League,2023/24,Defender,12,5,7,0
wikipedia,Hjalmar_Ekdal,Hjalmar Ekdal,Burnley F.C.,Premier League,2023/24,Defender,8,5,3,0
wikipedia,Jack_Cork,Jack Cork,Burnley F.C.,Premier League,2023/24,Midfielder,4,0,4,0
wikipedia,Jacob_Bruun_Larsen,Jacob Bruun Larsen,Burnley F.C.,Premier League,2023/24,Forward,31,16,15,6
wikipedia,James_Trafford,James Trafford,Burnley F.C.,Premier League,2023/24,Goalkeeper,28,28,0,0
wikipedia,Jay_Rodriguez,Jay Rodriguez,Burnley F.C.,Premier League,2023/24,Forward,21,7,14,2
wikipedia,Jordan_Beyer,Jordan Beyer,Burnley F.C.,Premier League,2023/24,Defender,15,15,0,0
wikipedia,Josh_Brownhill,Josh Brownhill,Burnley F.C.,Premier League,2023/24,Midfielder,33,23,10,4
wikipedia,Josh_Cullen_(footballer),Josh Cullen,Burnley F.C.,Premier League,2023/24,Midfielder,25,23,2,2
wikipedia,Jóhann_Berg_Guðmundsson,Jóhann Berg Guðmundsson,Burnley F.C.,Premier League,2023/24,Midfielder,26,12,14,1
wikipedia,Lorenz_Assignon,Lorenz Assignon,Burnley F.C.,Premier League,2023/24,Defender,15,15,0,1
wikipedia,Luca_Koleosho,Luca Koleosho,Burnley F.C.,Premier League,2023/24,Forward,15,13,2,1
wikipedia,Lyle_Foster,Lyle Foster,Burnley F.C.,Premier League,2023/24,Forward,24,22,2,5
wikipedia,Manuel_Benson,Manuel Benson,Burnley F.C.,Premier League,2023/24,Midfielder,8,1,7,0
wikipedia,Maxime_Estève,Maxime Estève,Burnley F.C.,Premier League,2023/24,Defender,16,15,1,0
wikipedia,Michael_Obafemi,Michael Obafemi,Burnley F.C.,Premier League,2023/24,Forward,2,0,2,0
wikipedia,Mike_Trésor,Mike Trésor,Burnley F.C.,Premier League,2023/24,Forward,16,3,13,0
wikipedia,Nathan_Redmond,Nathan Redmond,Burnley F.C.,Premier League,2023/24,Midfielder,12,0,12,0
wikipedia,Sander_Berge,Sander Berge,Burnley F.C.,Premier League,2023/24,Midfielder,37,34,3,1
wikipedia,"Vitinho_(footballer,_born_July_1999)",Vitinho,Burnley F.C.,Premier League,2023/24,Defender,32,26,6,0
wikipedia,Wilson_Odobert,Wilson Odobert,Burnley F.C.,Premier League,2023/24,Forward,30,25,5,3
wikipedia,Zeki_Amdouni,Zeki Amdouni,Burnley F.C.,Premier League,2023/24,Forward,34,27,7,5
wikipedia,Alex_Matos,Alex Matos,Chelsea F.C.,Premier League,2023/24,Midfielder,1,,,0
wikipedia,Alfie_Gilchrist,Alfie Gilchrist,Chelsea F.C.,Premier League,2023/24,Defender,11,,,1
wikipedia,Armando_Broja,Armando Broja,Chelsea F.C.,Premier League,2023/24,Forward,13,,,1
wikipedia,Axel_Disasi,Axel Disasi,Chelsea F.C.,Premier League,2023/24,Defender,31,,,2
wikipedia,Ben_Chilwell,Ben Chilwell,Chelsea F.C.,Premier League,2023/24,Defender,13,,,0
wikipedia,Benoît_Badiashile,Benoît Badiashile,Chelsea F.C.,Premier League,2023/24,Defender,16,,,0
wikipedia,Carney_Chukwuemeka,Carney Chukwuemeka,Chelsea F.C.,Premier League,2023/24,Midfielder,9,,,1
wikipedia,Cesare_Casadei,Cesare Casadei,Chelsea F.C.,Premier League,2023/24,Midfielder,9,,,0
wikipedia,Christopher_Nkunku,Christopher Nkunku,Chelsea F.C.,Premier League,2023/24,Forward,9,,,3
wikipedia,Cole_Palmer,Cole Palmer,Chelsea F.C.,Premier League,2023/24,Midfielder,31,,,22
wikipedia,Conor_Gallagher,Conor Gallagher,Chelsea F.C.,Premier League,2023/24,Midfielder,35,,,5
wikipedia,Deivid_Washington,Deivid Washington,Chelsea F.C.,Premier League,2023/24,Forward,2,,,0
wikipedia,Enzo_Fernández,Enzo Fernández,Chelsea F.C.,Premier League,2023/24,Midfielder,28,,,3
wikipedia,Ian_Maatsen,Ian Maatsen,Chelsea F.C.,Premier League,2023/24,Defender,12,,,0
wikipedia,Jimi_Tauriainen,Jimi Tauriainen,Chelsea F.C.,Premier League,2023/24,Midfielder,1,,,0
wikipedia,Josh_Acheampong,Josh Acheampong,Chelsea F.C.,Premier League,2023/24,Defender,1,,,0
wikipedia,Lesley_Ugochukwu,Lesley Ugochukwu,Chelsea F.C.,Premier League,2023/24,Midfielder,10,,,0
wikipedia,Levi_Colwill,Levi Colwill,Chelsea F.C.,Premier League,2023/24,Defender,23,,,1
wikipedia,Malo_Gusto,Malo Gusto,Chelsea F.C.,Premier League,2023/24,Defender,25,,,0
wikipedia,Marc_Cucurella,Marc Cucurella,Chelsea F.C.,Premier League,2023/24,Defender,19,,,0
wikipedia,Mason_Burstow,Mason Burstow,Chelsea F.C.,Premier League,2023/24,Forward,2,,,0
wikipedia,Moisés_Caicedo,Moisés Caicedo,Chelsea F.C.,Premier League,2023/24,Midfielder,33,,,1
wikipedia,Mykhailo_Mudryk,Mykhailo Mudryk,Chelsea F.C.,Premier League,2023/24,Forward,30,,,5
wikipedia,Nicolas_Jackson,Nicolas Jackson,Chelsea F.C.,Premier League,2023/24,Forward,33,,,14
wikipedia,Noni_Madueke,Noni Madueke,Chelsea F.C.,Premier League,2023/24,Forward,21,,,5
wikipedia,Raheem_Sterling,Raheem Sterling,Chelsea F.C.,Premier League,2023/24,Forward,29,,,8
wikipedia,"Reece_James_(footballer,_born_1999)",Reece James,Chelsea F.C.,Premier League,2023/24,Defender,9,,,0
wikipedia,Robert_Sánchez,Robert Sánchez,Chelsea F.C.,Premier League,2023/24,Goalkeeper,16,,,0
wikipedia,Roméo_Lavia,Roméo Lavia,Chelsea F.C.,Premier League,2023/24,Midfielder,1,,,0
wikipedia,Thiago_Silva,Thiago Silva,Chelsea F.C.,Premier League,2023/24,Defender,29,,,3
wikipedia,Trevoh_Chalobah,Trevoh Chalobah,Chelsea F.C.,Premier League,2023/24,Defender,11,,,1
wikipedia,Đorđe_Petrović_(footballer),Đorđe Petrović,Chelsea F.C.,Premier League,2023/24,Goalkeeper,22,,,0
wikipedia,Adam_Wharton,Adam Wharton,Crystal Palace F.C.,Premier League,2023/24,Midfielder,16,15,1,0
wikipedia,Cheick_Doucouré,Cheick Doucouré,Crystal Palace F.C.,Premier League,2023/24,Midfielder,11,11,0,0
wikipedia,Chris_Richards_(soccer),Chris Richards,Crystal Palace F.C.,Premier League,2023/24,Defender,26,23,3,1
wikipedia,Daniel_Muñoz_(footballer),Daniel Muñoz,Crystal Palace F.C.,Premier League,2023/24,Defender,16,16,0,0
wikipedia,David_Ozoh,David Ozoh,Crystal Palace F.C.,Premier League,2023/24,Midfielder,9,0,9,0
wikipedia,Dean_Henderson,Dean Henderson,Crystal Palace F.C.,Premier League,2023/24,Goalkeeper,18,18,0,0
wikipedia,Eberechi_Eze,Eberechi Eze,Crystal Palace F.C.,Premier League,2023/24,Midfielder,27,24,3,11
wikipedia,James_Tomkins_(footballer),James Tomkins,Crystal Palace F.C.,Premier League,2023/24,Defender,4,0,4,0
wikipedia,Jaïro_Riedewald,Jaïro Riedewald,Crystal Palace F.C.,Premier League,2023/24,Midfielder,9,2,7,0
wikipedia,Jean-Philippe_Mateta,Jean-Philippe Mateta,Crystal Palace F.C.,Premier League,2023/24,Forward,35,25,10,16
wikipedia,Jefferson_Lerma,Jefferson Lerma,Crystal Palace F.C.,Premier League,2023/24,Midfielder,27,27,0,1
wikipedia,Jeffrey_Schlupp,Jeffrey Schlupp,Crystal Palace F.C.,Premier League,2023/24,Midfielder,29,17,12,2
wikipedia,Jesurun_Rak-Sakyi,Jesurun Rak-Sakyi,Crystal Palace F.C.,Premier League,2023/24,Forward,6,0,6,0
wikipedia,Joachim_Andersen_(footballer),Joachim Andersen,Crystal Palace F.C.,Premier League,2023/24,Defender,38,38,0,2
wikipedia,Joel_Ward_(footballer),Joel Ward,Crystal Palace F.C.,Premier League,2023/24,Defender,26,23,3,0
wikipedia,Jordan_Ayew,Jordan Ayew,Crystal Palace F.C.,Premier League,2023/24,Forward,35,30,5,4
wikipedia,Marc_Guéhi,Marc Guéhi,Crystal Palace F.C.,Premier League,2023/24,Defender,25,23,2,0
wikipedia,Matheus_França,Matheus França,Crystal Palace F.C.,Premier League,2023/24,Midfielder,10,1,9,0
wikipedia,Michael_Olise,Michael Olise,Crystal Palace F.C.,Premier League,2023/24,Forward,19,14,5,10
wikipedia,Naouirou_Ahamada,Naouirou Ahamada,Crystal Palace F.C.,Premier League,2023/24,Midfielder,20,0,20,0
wikipedia,Nathaniel_Clyne,Nathaniel Clyne,Crystal Palace F.C.,Premier League,2023/24,Defender,19,14,5,0
wikipedia,Odsonne_Édouard,Odsonne Édouard,Crystal Palace F.C.,Premier League,2023/24,Forward,30,17,13,7
wikipedia,Remi_Matthews,Remi Matthews,Crystal Palace F.C.,Premier League,2023/24,Goalkeeper,1,0,1,0
wikipedia,Sam_Johnstone,Sam Johnstone,Crystal Palace F.C.,Premier League,2023/24,Goalkeeper,20,20,0,0
wikipedia,Tyrick_Mitchell,Tyrick Mitchell,Crystal Palace F.C.,Premier League,2023/24,Defender,37,37,0,2
wikipedia,Will_Hughes,Will Hughes,Crystal Palace F.C.,Premier League,2023/24,Midfielder,30,23,7,0
wikipedia,Abdoulaye_Doucouré,Abdoulaye Doucouré,Everton F.C.,Premier League,2023/24,Midfielder,32,32,0,7
wikipedia,Alex_Iwobi,Alex Iwobi,Everton F.C.,Premier League,2023/24,Midfielder,2,2,0,0
wikipedia,Amadou_Onana,Amadou Onana,Everton F.C.,Premier League,2023/24,Midfielder,30,24,6,2
wikipedia,André_Gomes,André Gomes,Everton F.C.,Premier League,2023/24,Midfielder,12,3,9,1
wikipedia,Arnaut_Danjuma,Arnaut Danjuma,Everton F.C.,Premier League,2023/24,Forward,14,5,9,1
wikipedia,Ashley_Young,Ashley Young,Everton F.C.,Premier League,2023/24,Defender,31,27,4,0
wikipedia,Ben_Godfrey,Ben Godfrey,Everton F.C.,Premier League,2023/24,Defender,15,13,2,0
wikipedia,"Beto_(footballer,_born_1998)",Beto,Everton F.C.,Premier League,2023/24,Forward,29,9,20,3
wikipedia,Dominic_Calvert-Lewin,Dominic Calvert-Lewin,Everton F.C.,Premier League,2023/24,Forward,32,26,6,7
wikipedia,Dwight_McNeil,Dwight McNeil,Everton F.C.,Premier League,2023/24,Forward,35,33,2,3
wikipedia,Idrissa_Gueye,Idrissa Gueye,Everton F.C.,Premier League,2023/24,Midfielder,25,25,0,4
wikipedia,"Jack_Harrison_(footballer,_born_1996)",Jack Harrison,Everton F.C.,Premier League,2023/24,Forward,29,25,4,3
wikipedia,"James_Garner_(footballer,_born_2001)",James Garner,Everton F.C.,Premier League,2023/24,Midfielder,37,34,3,1
wikipedia,James_Tarkowski,James Tarkowski,Everton F.C.,Premier League,2023/24,Defender,38,38,0,1
wikipedia,Jarrad_Branthwaite,Jarrad Branthwaite,Everton F.C.,Premier League,2023/24,Defender,35,35,0,3
wikipedia,Jordan_Pickford,Jordan Pickford,Everton F.C.,Premier League,2023/24,Goalkeeper,38,38,0,0
wikipedia,Lewis_Dobbin,Lewis Dobbin,Everton F.C.,Premier League,2023/24,Forward,12,1,11,1
wikipedia,Lewis_Warrington_(footballer),Lewis Warrington,Everton F.C.,Premier League,2023/24,Midfielder,1,0,1,0
wikipedia,"Michael_Keane_(footballer,_born_1993)",Michael Keane,Everton F.C.,Premier League,2023/24,Defender,9,4,5,1
wikipedia,Nathan_Patterson_(footballer),Nathan Patterson,Everton F.C.,Premier League,2023/24,Defender,20,9,11,0
wikipedia,Neal_Maupay,Neal Maupay,Everton F.C.,Premier League,2023/24,Forward,2,1,1,0
wikipedia,Séamus_Coleman,Séamus Coleman,Everton F.C.,Premier League,2023/24,Defender,12,8,4,0
wikipedia,Thomas_Cannon_(footballer),Thomas Cannon,Everton F.C.,Premier League,2023/24,Forward,1,0,1,0
wikipedia,Tyler_Onyango,Tyler Onyango,Everton F.C.,Premier League,2023/24,Midfielder,1,0,1,0
wikipedia,Vitaliy_Mykolenko,Vitaliy Mykolenko,Everton F.C.,Premier League,2023/24,Defender,28,28,0,2
wikipedia,Youssef_Chermiti,Youssef Chermiti,Everton F.C.,Premier League,2023/24,Forward,18,1,17,0
wikipedia,"Adama_Traoré_(footballer,_born_1996)",Adama Traoré,Fulham F.C.,Premier League,2023/24,,17,1,16,2
wikipedia,Aleksandar_Mitrović,Aleksandar Mitrović,Fulham F.C.,Premier League,2023/24,,1,0,1,0
wikipedia,Alex_Iwobi,Alex Iwobi,Fulham F.C.,Premier League,2023/24,,30,25,5,5
wikipedia,Andreas_Pereira,Andreas Pereira,Fulham F.C.,Premier League,2023/24,,37,34,3,3
wikipedia,Antonee_Robinson,Antonee Robinson,Fulham F.C.,Premier League,2023/24,,37,37,0,0
wikipedia,Armando_Broja,Armando Broja,Fulham F.C.,Premier League,2023/24,,8,0,8,0
wikipedia,Bernd_Leno,Bernd Leno,Fulham F.C.,Premier League,2023/24,Goalkeeper,38,38,0,0
wikipedia,Bobby_Decordova-Reid,Bobby Decordova-Reid,Fulham F.C.,Premier League,2023/24,,33,17,16,6
wikipedia,Calvin_Bassey,Calvin Bassey,Fulham F.C.,Premier League,2023/24,,29,25,4,1
wikipedia,Carlos_Vinícius,Carlos Vinícius,Fulham F.C.,Premier League,2023/24,,13,2,11,2
wikipedia,Fodé_Ballo-Touré,Fodé Ballo-Touré,Fulham F.C.,Premier League,2023/24,,6,0,6,0
wikipedia,Harrison_Reed_(footballer),Harrison Reed,Fulham F.C.,Premier League,2023/24,,27,15,12,0
wikipedia,"Harry_Wilson_(footballer,_born_1997)",Harry Wilson,Fulham F.C.,Premier League,2023/24,,35,16,19,4
wikipedia,Issa_Diop_(footballer),Issa Diop,Fulham F.C.,Premier League,2023/24,,18,16,2,0
wikipedia,João_Palhinha,João Palhinha,Fulham F.C.,Premier League,2023/24,,33,31,2,4
wikipedia,Kenny_Tete,Kenny Tete,Fulham F.C.,Premier League,2023/24,,14,10,4,1
wikipedia,Luke_Harris,Luke Harris,Fulham F.C.,Premier League,2023/24,,1,0,1,0
wikipedia,Raúl_Jiménez,Raúl Jiménez,Fulham F.C.,Premier League,2023/24,,24,18,6,7
wikipedia,Rodrigo_Muniz_(Brazilian_footballer),Rodrigo Muniz,Fulham F.C.,Premier League,2023/24,,26,18,8,9
wikipedia,Saša_Lukić,Saša Lukić,Fulham F.C.,Premier League,2023/24,,24,13,11,1
wikipedia,Tim_Ream,Tim Ream,Fulham F.C.,Premier League,2023/24,,18,17,1,1
wikipedia,Timothy_Castagne,Timothy Castagne,Fulham F.C.,Premier League,2023/24,,34,29,5,1
wikipedia,Tom_Cairney,Tom Cairney,Fulham F.C.,Premier League,2023/24,,34,14,20,1
wikipedia,Tosin_Adarabioyo,Tosin Adarabioyo,Fulham F.C.,Premier League,2023/24,,20,18,2,2
wikipedia,"Willian_(footballer,_born_1988)",Willian,Fulham F.C.,Premier League,2023/24,,31,24,7,4
wikipedia,Alexis_Mac_Allister,Alexis Mac Allister,Liverpool F.C.,Premier League,2023/24,Midfielder,33,31,2,5
wikipedia,Alisson_Becker,Alisson,Liverpool F.C.,Premier League,2023/24,Goalkeeper,28,28,0,0
wikipedia,Andy_Robertson,Andy Robertson,Liverpool F.C.,Premier League,2023/24,Defender,23,18,5,3
wikipedia,Ben_Gannon-Doak,Ben Gannon-Doak,Liverpool F.C.,Premier League,2023/24,Forward,1,0,1,0
wikipedia,"Bobby_Clark_(footballer,_born_2005)",Bobby Clark,Liverpool F.C.,Premier League,2023/24,Midfielder,5,1,4,0
wikipedia,Caoimhín_Kelleher,Caoimhín Kelleher,Liverpool F.C.,Premier League,2023/24,Goalkeeper,10,10,0,0
wikipedia,Cody_Gakpo,Cody Gakpo,Liverpool F.C.,Premier League,2023/24,Forward,35,17,18,8
wikipedia,Conor_Bradley,Conor Bradley,Liverpool F.C.,Premier League,2023/24,Defender,11,10,1,1
wikipedia,"Curtis_Jones_(footballer,_born_2001)",Curtis Jones,Liverpool F.C.,Premier League,2023/24,Midfielder,23,14,9,1
wikipedia,Darwin_Núñez,Darwin Núñez,Liverpool F.C.,Premier League,2023/24,Forward,36,22,14,11
wikipedia,Diogo_Jota,Diogo Jota,Liverpool F.C.,Premier League,2023/24,Forward,21,14,7,10
wikipedia,Dominik_Szoboszlai,Dominik Szoboszlai,Liverpool F.C.,Premier League,2023/24,Midfielder,33,25,8,3
wikipedia,Harvey_Elliott,Harvey Elliott,Liverpool F.C.,Premier League,2023/24,Midfielder,34,11,23,3
wikipedia,Ibrahima_Konaté,Ibrahima Konaté,Liverpool F.C.,Premier League,2023/24,Defender,22,17,5,0
wikipedia,"James_McConnell_(footballer,_born_2004)",James McConnell,Liverpool F.C.,Premier League,2023/24,Midfielder,3,0,3,0
wikipedia,Jarell_Quansah,Jarell Quansah,Liverpool F.C.,Premier League,2023/24,Defender,17,13,4,2
wikipedia,Jayden_Danns,Jayden Danns,Liverpool F.C.,Premier League,2023/24,Forward,2,0,2,0
wikipedia,Joe_Gomez,Joe Gomez,Liverpool F.C.,Premier League,2023/24,Defender,32,17,15,0
wikipedia,Joël_Matip,Joël Matip,Liverpool F.C.,Premier League,2023/24,Defender,10,9,1,0
wikipedia,Kaide_Gordon,Kaide Gordon,Liverpool F.C.,Premier League,2023/24,Midfielder,1,0,1,0
wikipedia,Kostas_Tsimikas,Kostas Tsimikas,Liverpool F.C.,Premier League,2023/24,Defender,13,8,5,0
wikipedia,"Luis_Díaz_(footballer,_born_1997)",Luis Díaz,Liverpool F.C.,Premier League,2023/24,Forward,37,32,5,8
wikipedia,Mohamed_Salah,Mohamed Salah,Liverpool F.C.,Premier League,2023/24,Forward,32,28,4,18
wikipedia,Owen_Beck_(footballer),Owen Beck,Liverpool F.C.,Premier League,2023/24,Defender,1,0,1,0
wikipedia,Ryan_Gravenberch,Ryan Gravenberch,Liverpool F.C.,Premier League,2023/24,Midfielder,26,12,14,1
wikipedia,Stefan_Bajcetic,Stefan Bajcetic,Liverpool F.C.,Premier League,2023/24,Midfielder,1,0,1,0
wikipedia,Thiago_Alcântara,Thiago,Liverpool F.C.,Premier League,2023/24,Midfielder,1,0,1,0
wikipedia,Trent_Alexander-Arnold,Trent Alexander-Arnold,Liverpool F.C.,Premier League,2023/24,Defender,28,25,3,3
wikipedia,Virgil_van_Dijk,Virgil van Dijk,Liverpool F.C.,Premier League,2023/24,Defender,36,36,0,2
wikipedia,Wataru_Endo,Wataru Endo,Liverpool F.C.,Premier League,2023/24,Midfielder,29,20,9,1
wikipedia,Albert_Sambi_Lokonga,Albert Sambi Lokonga,Luton Town F.C.,Premier League,2023/24,Midfielder,12,,,0
wikipedia,Alfie_Doughty,Alfie Doughty,Luton Town F.C.,Premier League,2023/24,Defender,28,,,2
wikipedia,Amari'i_Bell,Amari'i Bell,Luton Town F.C.,Premier League,2023/24,Defender,21,,,0
wikipedia,Andros_Townsend,Andros Townsend,Luton Town F.C.,Premier League,2023/24,Forward,20,,,1
wikipedia,Carlton_Morris,Carlton Morris,Luton Town F.C.,Premier League,2023/24,Forward,29,,,11
wikipedia,Cauley_Woodrow,Cauley Woodrow,Luton Town F.C.,Premier League,2023/24,Forward,15,,,1
wikipedia,Chiedozie_Ogbene,Chiedozie Ogbene,Luton Town F.C.,Premier League,2023/24,Forward,28,,,4
wikipedia,Daiki_Hashioka,Daiki Hashioka,Luton Town F.C.,Premier League,2023/24,Defender,3,,,0
wikipedia,Elijah_Adebayo,Elijah Adebayo,Luton Town F.C.,Premier League,2023/24,Forward,23,,,10
wikipedia,Gabriel_Osho,Gabriel Osho,Luton Town F.C.,Premier League,2023/24,Defender,16,,,2
wikipedia,Issa_Kaboré,Issa Kaboré,Luton Town F.C.,Premier League,2023/24,Defender,20,,,0
wikipedia,Jacob_Brown_(footballer),Jacob Brown,Luton Town F.C.,Premier League,2023/24,Forward,19,,,2
wikipedia,James_Shea,James Shea,Luton Town F.C.,Premier League,2023/24,Goalkeeper,1,,,0
wikipedia,Jordan_Clark_(English_footballer),Jordan Clark,Luton Town F.C.,Premier League,2023/24,Midfielder,15,,,0
wikipedia,Luke_Berry,Luke Berry,Luton Town F.C.,Premier League,2023/24,Midfielder,9,,,2
wikipedia,Mads_Juel_Andersen,Mads Andersen,Luton Town F.C.,Premier League,2023/24,Defender,8,,,1
wikipedia,Marvelous_Nakamba,Marvelous Nakamba,Luton Town F.C.,Premier League,2023/24,Midfielder,13,,,0
wikipedia,Pelly_Ruddock_Mpanzu,Pelly Ruddock Mpanzu,Luton Town F.C.,Premier League,2023/24,Midfielder,21,,,0
wikipedia,Reece_Burke,Reece Burke,Luton Town F.C.,Premier League,2023/24,Defender,14,,,0
wikipedia,Ross_Barkley,Ross Barkley,Luton Town F.C.,Premier League,2023/24,Midfielder,24,,,5
wikipedia,Ryan_Giles,Ryan Giles,Luton Town F.C.,Premier League,2023/24,Defender,11,,,0
wikipedia,Tahith_Chong,Tahith Chong,Luton Town F.C.,Premier League,2023/24,Forward,24,,,4
wikipedia,Teden_Mengi,Teden Mengi,Luton Town F.C.,Premier League,2023/24,Defender,22,,,1
wikipedia,Thomas_Kaminski,Thomas Kaminski,Luton Town F.C.,Premier League,2023/24,Goalkeeper,29,,,0
wikipedia,Tom_Lockyer,Tom Lockyer,Luton Town F.C.,Premier League,2023/24,Defender,14,,,1
wikipedia,Zack_Nelson,Zack Nelson,Luton Town F.C.,Premier League,2023/24,Midfielder,1,,,0
wikipedia,Aymeric_Laporte,Aymeric Laporte,Manchester City F.C.,Premier League,2023/24,,1,,,0
wikipedia,Cole_Palmer,Cole Palmer,Manchester City F.C.,Premier League,2023/24,Midfielder,1,,,0
wikipedia,"Ederson_(footballer,_born_1993)",Ederson,Manchester City F.C.,Premier League,2023/24,,33,,,0
wikipedia,Erling_Haaland,Erling Haaland,Manchester City F.C.,Premier League,2023/24,Forward,31,,,27
wikipedia,Jack_Grealish,Jack Grealish,Manchester City F.C.,Premier League,2023/24,Midfielder,20,,,3
wikipedia,James_McAtee,James McAtee,Manchester City F.C.,Premier League,2023/24,,1,,,0
wikipedia,Joško_Gvardiol,Joško Gvardiol,Manchester City F.C.,Premier League,2023/24,Defender,28,,,4
wikipedia,Julián_Alvarez,Julián Alvarez,Manchester City F.C.,Premier League,2023/24,Forward,35,,,11
wikipedia,Jérémy_Doku,Jérémy Doku,Manchester City F.C.,Premier League,2023/24,Midfielder,29,,,3
wikipedia,Oscar_Bobb,Oscar Bobb,Manchester City F.C.,Premier League,2023/24,Midfielder,14,,,1
wikipedia,Phil_Foden,Phil Foden,Manchester City F.C.,Premier League,2023/24,Midfielder,36,,,19
wikipedia,"Rodri_(footballer,_born_1996)",Rodri,Manchester City F.C.,Premier League,2023/24,Midfielder,34,,,8
wikipedia,"Sergio_Gómez_(footballer,_born_2000)",Sergio Gómez,Manchester City F.C.,Premier League,2023/24,,6,,,0
wikipedia,Aaron_Wan-Bissaka,Aaron Wan-Bissaka,Manchester United F.C.,Premier League,2023/24,Defender,22,20,2,0
wikipedia,Alejandro_Garnacho,Alejandro Garnacho,Manchester United F.C.,Premier League,2023/24,Forward,36,30,6,7
wikipedia,Amad_Diallo,Amad Diallo,Manchester United F.C.,Premier League,2023/24,Forward,9,3,6,1
wikipedia,André_Onana,André Onana,Manchester United F.C.,Premier League,2023/24,Goalkeeper,38,38,0,0
wikipedia,Anthony_Martial,Anthony Martial,Manchester United F.C.,Premier League,2023/24,Forward,13,5,8,1
wikipedia,"Antony_(footballer,_born_2000)",Antony,Manchester United F.C.,Premier League,2023/24,Forward,29,15,14,1
wikipedia,Bruno_Fernandes,Bruno Fernandes,Manchester United F.C.,Premier League,2023/24,Midfielder,35,35,0,10
wikipedia,Casemiro,Casemiro,Manchester United F.C.,Premier League,2023/24,Midfielder,25,24,1,1
wikipedia,Christian_Eriksen,Christian Eriksen,Manchester United F.C.,Premier League,2023/24,Midfielder,22,12,10,1
wikipedia,Dan_Gore,Dan Gore,Manchester United F.C.,Premier League,2023/24,Midfielder,1,0,1,0
wikipedia,Diogo_Dalot,Diogo Dalot,Manchester United F.C.,Premier League,2023/24,Defender,36,35,1,2
wikipedia,Donny_van_de_Beek,Donny van de Beek,Manchester United F.C.,Premier League,2023/24,Midfielder,1,0,1,0
wikipedia,Ethan_Wheatley,Ethan Wheatley,Manchester United F.C.,Premier League,2023/24,Forward,3,0,3,0
wikipedia,Facundo_Pellistri,Facundo Pellistri,Manchester United F.C.,Premier League,2023/24,Midfielder,9,1,8,0
wikipedia,Hannibal_Mejbri,Hannibal Mejbri,Manchester United F.C.,Premier League,2023/24,Midfielder,5,1,4,1
wikipedia,Harry_Maguire,Harry Maguire,Manchester United F.C.,Premier League,2023/24,Defender,22,18,4,2
wikipedia,Jadon_Sancho,Jadon Sancho,Manchester United F.C.,Premier League,2023/24,Forward,3,0,3,0
wikipedia,Jonny_Evans,Jonny Evans,Manchester United F.C.,Premier League,2023/24,Defender,23,15,8,0
wikipedia,Kobbie_Mainoo,Kobbie Mainoo,Manchester United F.C.,Premier League,2023/24,Midfielder,24,24,0,3
wikipedia,Lisandro_Martínez,Lisandro Martínez,Manchester United F.C.,Premier League,2023/24,Defender,11,8,3,0
wikipedia,Luke_Shaw,Luke Shaw,Manchester United F.C.,Premier League,2023/24,Defender,12,12,0,0
wikipedia,Marcus_Rashford,Marcus Rashford,Manchester United F.C.,Premier League,2023/24,Forward,33,26,7,7
wikipedia,Mason_Mount,Mason Mount,Manchester United F.C.,Premier League,2023/24,Midfielder,14,5,9,1
wikipedia,Omari_Forson,Omari Forson,Manchester United F.C.,Premier League,2023/24,Midfielder,4,1,3,0
wikipedia,Raphaël_Varane,Raphaël Varane,Manchester United F.C.,Premier League,2023/24,Defender,22,16,6,1
wikipedia,Rasmus_Højlund,Rasmus Højlund,Manchester United F.C.,Premier League,2023/24,Forward,30,25,5,10
wikipedia,Scott_McTominay,Scott McTominay,Manchester United F.C.,Premier League,2023/24,Midfielder,32,18,14,7
wikipedia,Sergio_Reguilón,Sergio Reguilón,Manchester United F.C.,Premier League,2023/24,Defender,9,4,5,0
wikipedia,Sofyan_Amrabat,Sofyan Amrabat,Manchester United F.C.,Premier League,2023/24,Midfielder,21,10,11,0
wikipedia,Victor_Lindelöf,Victor Lindelöf,Manchester United F.C.,Premier League,2023/24,Defender,19,14,5,1
wikipedia,Willy_Kambwala,Willy Kambwala,Manchester United F.C.,Premier League,2023/24,Defender,8,3,5,0
wikipedia,Alex_Murphy_(footballer),Alex Murphy,Newcastle United F.C.,Premier League,2023/24,Defender,2,0,2,0
wikipedia,Alexander_Isak,Alexander Isak,Newcastle United F.C.,Premier League,2023/24,Forward,28,25,3,21
wikipedia,"Amadou_Diallo_(footballer,_born_2003)",Amadou Diallo,Newcastle United F.C.,Premier League,2023/24,Midfielder,1,0,1,0
wikipedia,Anthony_Gordon_(footballer),Anthony Gordon,Newcastle United F.C.,Premier League,2023/24,Midfielder,34,33,1,11
wikipedia,Ben_Parkinson_(footballer),Ben Parkinson,Newcastle United F.C.,Premier League,2023/24,Forward,1,0,1,0
wikipedia,Bruno_Guimarães,Bruno Guimarães,Newcastle United F.C.,Premier League,2023/24,Midfielder,35,35,0,7
wikipedia,Callum_Wilson,Callum Wilson,Newcastle United F.C.,Premier League,2023/24,Forward,19,9,10,9
wikipedia,Dan_Burn,Dan Burn,Newcastle United F.C.,Premier League,2023/24,Defender,31,29,2,2
wikipedia,Elliot_Anderson_(footballer),Elliot Anderson,Newcastle United F.C.,Premier League,2023/24,Midfielder,19,9,10,0
wikipedia,Emil_Krafth,Emil Krafth,Newcastle United F.C.,Premier League,2023/24,Defender,15,6,9,0
wikipedia,Fabian_Schär,Fabian Schär,Newcastle United F.C.,Premier League,2023/24,Defender,34,34,0,4
wikipedia,Harvey_Barnes,Harvey Barnes,Newcastle United F.C.,Premier League,2023/24,Midfielder,19,6,13,5
wikipedia,Jacob_Murphy,Jacob Murphy,Newcastle United F.C.,Premier League,2023/24,Midfielder,19,12,7,2
wikipedia,Jamaal_Lascelles,Jamaal Lascelles,Newcastle United F.C.,Premier League,2023/24,Defender,16,13,3,1
wikipedia,"Joe_White_(midfielder,_born_2002)",Joe White,Newcastle United F.C.,Premier League,2023/24,Midfielder,4,0,4,0
wikipedia,Joe_Willock,Joe Willock,Newcastle United F.C.,Premier League,2023/24,Midfielder,9,5,4,1
wikipedia,Joelinton,Joelinton,Newcastle United F.C.,Premier League,2023/24,Midfielder,18,14,4,2
wikipedia,Kieran_Trippier,Kieran Trippier,Newcastle United F.C.,Premier League,2023/24,Defender,26,25,1,1
wikipedia,Lewis_Hall_(footballer),Lewis Hall,Newcastle United F.C.,Premier League,2023/24,Defender,16,6,10,0
wikipedia,Lewis_Miley,Lewis Miley,Newcastle United F.C.,Premier League,2023/24,Midfielder,17,14,3,1
wikipedia,Loris_Karius,Loris Karius,Newcastle United F.C.,Premier League,2023/24,Goalkeeper,1,1,0,0
wikipedia,Martin_Dúbravka,Martin Dúbravka,Newcastle United F.C.,Premier League,2023/24,Goalkeeper,22,21,1,0
wikipedia,Matt_Ritchie,Matt Ritchie,Newcastle United F.C.,Premier League,2023/24,Midfielder,13,0,13,1
wikipedia,Matt_Targett,Matt Targett,Newcastle United F.C.,Premier League,2023/24,Defender,3,1,2,0
wikipedia,Michael_Ndiweni,Michael Ndiweni,Newcastle United F.C.,Premier League,2023/24,Forward,1,0,1,0
wikipedia,Miguel_Almirón,Miguel Almirón,Newcastle United F.C.,Premier League,2023/24,Midfielder,31,23,8,3
wikipedia,Nick_Pope_(footballer),Nick Pope,Newcastle United F.C.,Premier League,2023/24,Goalkeeper,14,14,0,0
wikipedia,Paul_Dummett,Paul Dummett,Newcastle United F.C.,Premier League,2023/24,Defender,4,0,4,0
wikipedia,Sandro_Tonali,Sandro Tonali,Newcastle United F.C.,Premier League,2023/24,Midfielder,8,5,3,1
wikipedia,Sean_Longstaff,Sean Longstaff,Newcastle United F.C.,Premier League,2023/24,Midfielder,33,28,5,6
wikipedia,Sven_Botman,Sven Botman,Newcastle United F.C.,Premier League,2023/24,Defender,17,15,2,2
wikipedia,Tino_Livramento,Tino Livramento,Newcastle United F.C.,Premier League,2023/24,Defender,26,12,14,1
wikipedia,Andrew_Omobamidele,Andrew Omobamidele,Nottingham Forest F.C.,Premier League,2023/24,,11,8,3,0
wikipedia,Andrey_Santos,Andrey Santos,Nottingham Forest F.C.,Premier League,2023/24,,1,0,1,0
wikipedia,Anthony_Elanga,Anthony Elanga,Nottingham Forest F.C.,Premier League,2023/24,,36,25,11,5
wikipedia,Brandon_Aguilera,Brandon Aguilera,Nottingham Forest F.C.,Premier League,2023/24,,1,0,1,0
wikipedia,Brennan_Johnson,Brennan Johnson,Nottingham Forest F.C.,Premier League,2023/24,,3,3,0,0
wikipedia,Callum_Hudson-Odoi,Callum Hudson-Odoi,Nottingham Forest F.C.,Premier League,2023/24,,29,20,9,8
wikipedia,Cheikhou_Kouyaté,Cheikhou Kouyaté,Nottingham Forest F.C.,Premier League,2023/24,,12,2,10,0
wikipedia,"Chris_Wood_(footballer,_born_1991)",Chris Wood,Nottingham Forest F.C.,Premier League,2023/24,,31,20,11,14
wikipedia,"Danilo_(footballer,_born_2001)",Danilo,Nottingham Forest F.C.,Premier League,2023/24,,29,20,9,2
wikipedia,Divock_Origi,Divock Origi,Nottingham Forest F.C.,Premier League,2023/24,,20,6,14,0
wikipedia,"Felipe_(footballer,_born_1989)",Felipe,Nottingham Forest F.C.,Premier League,2023/24,,7,4,3,0
wikipedia,Gio_Reyna,Gio Reyna,Nottingham Forest F.C.,Premier League,2023/24,,9,2,7,0
wikipedia,Gonzalo_Montiel,Gonzalo Montiel,Nottingham Forest F.C.,Premier League,2023/24,,14,8,6,0
wikipedia,Harry_Toffolo,Harry Toffolo,Nottingham Forest F.C.,Premier League,2023/24,,23,15,8,1
wikipedia,Ibrahim_Sangaré_(Ivorian_footballer),Ibrahim Sangaré,Nottingham Forest F.C.,Premier League,2023/24,,17,13,4,0
wikipedia,Joe_Worrall_(footballer),Joe Worrall,Nottingham Forest F.C.,Premier League,2023/24,,7,5,2,0
wikipedia,Matt_Turner_(soccer),Matt Turner,Nottingham Forest F.C.,Premier League,2023/24,Goalkeeper,17,17,0,0
wikipedia,Matz_Sels,Matz Sels,Nottingham Forest F.C.,Premier League,2023/24,Goalkeeper,16,16,0,0
wikipedia,Morgan_Gibbs-White,Morgan Gibbs-White,Nottingham Forest F.C.,Premier League,2023/24,,37,35,2,5
wikipedia,Moussa_Niakhaté,Moussa Niakhaté,Nottingham Forest F.C.,Premier League,2023/24,,21,15,6,1
wikipedia,Murillo_(footballer),Murillo,Nottingham Forest F.C.,Premier League,2023/24,,32,32,0,0
wikipedia,Neco_Williams,Neco Williams,Nottingham Forest F.C.,Premier League,2023/24,,26,18,8,0
wikipedia,Nicolás_Domínguez,Nicolás Domínguez,Nottingham Forest F.C.,Premier League,2023/24,,26,19,7,2
wikipedia,Nuno_Tavares,Nuno Tavares,Nottingham Forest F.C.,Premier League,2023/24,,8,5,3,0
wikipedia,Odysseas_Vlachodimos,Odysseas Vlachodimos,Nottingham Forest F.C.,Premier League,2023/24,Goalkeeper,5,5,0,0
wikipedia,Ola_Aina,Ola Aina,Nottingham Forest F.C.,Premier League,2023/24,,22,20,2,1
wikipedia,Orel_Mangala,Orel Mangala,Nottingham Forest F.C.,Premier League,2023/24,,20,19,1,1
wikipedia,"Rodrigo_Ribeiro_(footballer,_born_2005)",Rodrigo Ribeiro,Nottingham Forest F.C.,Premier League,2023/24,,4,0,4,0
wikipedia,Ryan_Yates,Ryan Yates,Nottingham Forest F.C.,Premier League,2023/24,,35,21,14,1
wikipedia,Scott_McKenna,Scott McKenna,Nottingham Forest F.C.,Premier League,2023/24,,5,5,0,0
wikipedia,Serge_Aurier,Serge Aurier,Nottingham Forest F.C.,Premier League,2023/24,,12,10,2,0
wikipedia,Taiwo_Awoniyi,Taiwo Awoniyi,Nottingham Forest F.C.,Premier League,2023/24,,20,12,8,6
wikipedia,Willy_Boly,Willy Boly,Nottingham Forest F.C.,Premier League,2023/24,,20,18,2,2
wikipedia,Andre_Brooks,Andre Brooks,Sheffield United F.C.,Premier League,2023/24,Midfielder,20,12,8,0
wikipedia,Anel_Ahmedhodžić,Anel Ahmedhodžić,Sheffield United F.C.,Premier League,2023/24,Defender,31,29,2,2
wikipedia,Anis_Ben_Slimane,Anis Slimane,Sheffield United F.C.,Premier League,2023/24,Midfielder,15,4,11,0
wikipedia,Antwoine_Hackford,Antwoine Hackford,Sheffield United F.C.,Premier League,2023/24,Forward,2,0,2,0
wikipedia,Auston_Trusty,Auston Trusty,Sheffield United F.C.,Premier League,2023/24,Defender,34,30,4,0
wikipedia,Ben_Brereton_Díaz,Ben Brereton Díaz,Sheffield United F.C.,Premier League,2023/24,Forward,14,14,0,6
wikipedia,Ben_Osborn,Ben Osborn,Sheffield United F.C.,Premier League,2023/24,Midfielder,24,14,10,0
wikipedia,Bénie_Traoré,Bénie Traoré,Sheffield United F.C.,Premier League,2023/24,Forward,7,3,4,0
wikipedia,Cameron_Archer,Cameron Archer,Sheffield United F.C.,Premier League,2023/24,Forward,29,21,8,4
wikipedia,Chris_Basham,Chris Basham,Sheffield United F.C.,Premier League,2023/24,Defender,8,3,5,0
wikipedia,Daniel_Jebbison,Daniel Jebbison,Sheffield United F.C.,Premier League,2023/24,Forward,1,0,1,0
wikipedia,George_Baldock,George Baldock,Sheffield United F.C.,Premier League,2023/24,Defender,13,11,2,0
wikipedia,Gustavo_Hamer,Gustavo Hamer,Sheffield United F.C.,Premier League,2023/24,Midfielder,36,34,2,4
wikipedia,Ivo_Grbić_(footballer),Ivo Grbić,Sheffield United F.C.,Premier League,2023/24,Goalkeeper,9,9,0,0
wikipedia,"Jack_Robinson_(footballer,_born_1993)",Jack Robinson,Sheffield United F.C.,Premier League,2023/24,Defender,34,32,2,1
wikipedia,James_McAtee,James McAtee,Sheffield United F.C.,Premier League,2023/24,Midfielder,30,20,10,3
wikipedia,Jayden_Bogle,Jayden Bogle,Sheffield United F.C.,Premier League,2023/24,Defender,34,32,2,3
wikipedia,"John_Egan_(footballer,_born_1992)",John Egan,Sheffield United F.C.,Premier League,2023/24,Defender,6,6,0,0
wikipedia,John_Fleck_(footballer),John Fleck,Sheffield United F.C.,Premier League,2023/24,Midfielder,4,1,3,0
wikipedia,"Luke_Thomas_(footballer,_born_2001)",Luke Thomas,Sheffield United F.C.,Premier League,2023/24,Defender,12,11,1,0
wikipedia,Mason_Holgate,Mason Holgate,Sheffield United F.C.,Premier League,2023/24,Defender,10,9,1,0
wikipedia,Max_Lowe,Max Lowe,Sheffield United F.C.,Premier League,2023/24,Defender,10,4,6,0
wikipedia,Oli_McBurnie,Oli McBurnie,Sheffield United F.C.,Premier League,2023/24,Forward,21,15,6,6
wikipedia,Oliver_Arblaster,Oliver Arblaster,Sheffield United F.C.,Premier League,2023/24,Midfielder,12,11,1,0
wikipedia,Oliver_Norwood,Oliver Norwood,Sheffield United F.C.,Premier League,2023/24,Midfielder,27,16,11,1
wikipedia,Rhian_Brewster,Rhian Brewster,Sheffield United F.C.,Premier League,2023/24,Forward,13,3,10,0
wikipedia,Rhys_Norrington-Davies,Rhys Norrington-Davies,Sheffield United F.C.,Premier League,2023/24,Defender,5,2,3,0
wikipedia,Sam_Curtis,Sam Curtis,Sheffield United F.C.,Premier League,2023/24,Defender,1,0,1,0
wikipedia,Sydie_Peck,Sydie Peck,Sheffield United F.C.,Premier League,2023/24,Midfielder,1,0,1,0
wikipedia,"Tom_Davies_(footballer,_born_1998)",Tom Davies,Sheffield United F.C.,Premier League,2023/24,Midfielder,9,2,7,0
wikipedia,Vinícius_Souza,Vinícius Souza,Sheffield United F.C.,Premier League,2023/24,Midfielder,36,29,7,1
wikipedia,Wes_Foderingham,Wes Foderingham,Sheffield United F.C.,Premier League,2023/24,Goalkeeper,30,29,1,0
wikipedia,William_Osula,William Osula,Sheffield United F.C.,Premier League,2023/24,Forward,21,9,12,0
wikipedia,Yasser_Larouci,Yasser Larouci,Sheffield United F.C.,Premier League,2023/24,Defender,10,5,5,0
wikipedia,Alejo_Véliz_(footballer),Alejo Véliz,Tottenham Hotspur F.C.,Premier League,2023/24,Forward,8,0,8,1
wikipedia,"Ben_Davies_(footballer,_born_1993)",Ben Davies,Tottenham Hotspur F.C.,Premier League,2023/24,Defender,17,12,5,1
wikipedia,Brennan_Johnson,Brennan Johnson,Tottenham Hotspur F.C.,Premier League,2023/24,Forward,32,23,9,5
wikipedia,Bryan_Gil,Bryan Gil,Tottenham Hotspur F.C.,Premier League,2023/24,Forward,11,2,9,0
wikipedia,Cristian_Romero_(Argentine_footballer),Cristian Romero,Tottenham Hotspur F.C.,Premier League,2023/24,Defender,33,33,0,5
wikipedia,Dane_Scarlett,Dane Scarlett,Tottenham Hotspur F.C.,Premier League,2023/24,Forward,4,0,4,0
wikipedia,Davinson_Sánchez,Davinson Sánchez,Tottenham Hotspur F.C.,Premier League,2023/24,Defender,1,0,1,0
wikipedia,Dejan_Kulusevski,Dejan Kulusevski,Tottenham Hotspur F.C.,Premier League,2023/24,Forward,36,31,5,8
wikipedia,Destiny_Udogie,Destiny Udogie,Tottenham Hotspur F.C.,Premier League,2023/24,Defender,28,28,0,2
wikipedia,Emerson_Royal,Emerson Royal,Tottenham Hotspur F.C.,Premier League,2023/24,Defender,22,11,11,1
wikipedia,Eric_Dier,Eric Dier,Tottenham Hotspur F.C.,Premier League,2023/24,Defender,4,1,3,0
wikipedia,Giovani_Lo_Celso,Giovani Lo Celso,Tottenham Hotspur F.C.,Premier League,2023/24,Midfielder,22,4,18,2
wikipedia,Guglielmo_Vicario,Guglielmo Vicario,Tottenham Hotspur F.C.,Premier League,2023/24,Goalkeeper,38,38,0,0
wikipedia,Ivan_Perišić,Ivan Perišić,Tottenham Hotspur F.C.,Premier League,2023/24,Midfielder,5,0,5,0
wikipedia,James_Maddison,James Maddison,Tottenham Hotspur F.C.,Premier League,2023/24,Midfielder,28,26,2,4
wikipedia,Jamie_Donley,Jamie Donley,Tottenham Hotspur F.C.,Premier League,2023/24,Forward,3,0,3,0
wikipedia,Manor_Solomon,Manor Solomon,Tottenham Hotspur F.C.,Premier League,2023/24,Forward,5,2,3,0
wikipedia,Micky_van_de_Ven,Micky van de Ven,Tottenham Hotspur F.C.,Premier League,2023/24,Defender,27,27,0,3
wikipedia,Mikey_Moore,Mikey Moore,Tottenham Hotspur F.C.,Premier League,2023/24,Forward,2,0,2,0
wikipedia,Oliver_Skipp,Oliver Skipp,Tottenham Hotspur F.C.,Premier League,2023/24,Midfielder,21,5,16,0
wikipedia,Pape_Matar_Sarr,Pape Matar Sarr,Tottenham Hotspur F.C.,Premier League,2023/24,Midfielder,34,27,7,3
wikipedia,Pedro_Porro,Pedro Porro,Tottenham Hotspur F.C.,Premier League,2023/24,Defender,35,35,0,3
wikipedia,Pierre-Emile_Højbjerg,Pierre-Emile Højbjerg,Tottenham Hotspur F.C.,Premier League,2023/24,Midfielder,36,8,28,0
wikipedia,Radu_Drăgușin,Radu Drăgușin,Tottenham Hotspur F.C.,Premier League,2023/24,Defender,9,4,5,0
wikipedia,Richarlison,Richarlison,Tottenham Hotspur F.C.,Premier League,2023/24,Forward,28,18,10,11
wikipedia,Rodrigo_Bentancur,Rodrigo Bentancur,Tottenham Hotspur F.C.,Premier League,2023/24,Midfielder,23,13,10,1
wikipedia,Son_Heung-min,Son Heung-min,Tottenham Hotspur F.C.,Premier League,2023/24,Forward,35,34,1,17
wikipedia,Timo_Werner,Timo Werner,Tottenham Hotspur F.C.,Premier League,2023/24,Forward,13,10,3,2
wikipedia,Aaron_Cresswell,Aaron Cresswell,West Ham United F.C.,Premier League,2023/24,Defender,11,4,7,0
wikipedia,Alphonse_Areola,Alphonse Areola,West Ham United F.C.,Premier League,2023/24,Goalkeeper,31,31,0,0
wikipedia,Angelo_Ogbonna,Angelo Ogbonna,West Ham United F.C.,Premier League,2023/24,Defender,11,7,4,0
wikipedia,"Ben_Johnson_(footballer,_born_2000)",Ben Johnson,West Ham United F.C.,Premier League,2023/24,Defender,14,4,10,0
wikipedia,Danny_Ings,Danny Ings,West Ham United F.C.,Premier League,2023/24,Forward,19,3,16,1
wikipedia,Divin_Mubama,Divin Mubama,West Ham United F.C.,Premier League,2023/24,Forward,5,0,5,0
wikipedia,Edson_Álvarez,Edson Álvarez,West Ham United F.C.,Premier League,2023/24,Midfielder,31,28,3,1
wikipedia,Emerson_Palmieri,Emerson,West Ham United F.C.,Premier League,2023/24,Defender,36,35,1,1
wikipedia,George_Earthy,George Earthy,West Ham United F.C.,Premier League,2023/24,Midfielder,3,0,3,1
wikipedia,James_Ward-Prowse,James Ward-Prowse,West Ham United F.C.,Premier League,2023/24,Midfielder,37,34,3,7
wikipedia,Jarrod_Bowen,Jarrod Bowen,West Ham United F.C.,Premier League,2023/24,Forward,34,34,0,16
wikipedia,Kaelan_Casey,Kaelan Casey,West Ham United F.C.,Premier League,2023/24,Defender,1,0,1,0
wikipedia,Kalvin_Phillips,Kalvin Phillips,West Ham United F.C.,Premier League,2023/24,Midfielder,8,3,5,0
wikipedia,Konstantinos_Mavropanos,Konstantinos Mavropanos,West Ham United F.C.,Premier League,2023/24,Defender,19,16,3,1
wikipedia,Kurt_Zouma,Kurt Zouma,West Ham United F.C.,Premier League,2023/24,Defender,33,32,1,3
wikipedia,Lucas_Paquetá,Lucas Paquetá,West Ham United F.C.,Premier League,2023/24,Midfielder,31,31,0,4
wikipedia,Maxwel_Cornet,Maxwel Cornet,West Ham United F.C.,Premier League,2023/24,Midfielder,7,1,6,1
wikipedia,Michail_Antonio,Michail Antonio,West Ham United F.C.,Premier League,2023/24,Forward,26,21,5,6
wikipedia,Mohammed_Kudus,Mohammed Kudus,West Ham United F.C.,Premier League,2023/24,Midfielder,33,27,6,8
wikipedia,Nayef_Aguerd,Nayef Aguerd,West Ham United F.C.,Premier League,2023/24,Defender,21,21,0,1
wikipedia,Pablo_Fornals,Pablo Fornals,West Ham United F.C.,Premier League,2023/24,Midfielder,15,4,11,0
wikipedia,Saïd_Benrahma,Saïd Benrahma,West Ham United F.C.,Premier League,2023/24,Forward,13,5,8,0
wikipedia,Thilo_Kehrer,Thilo Kehrer,West Ham United F.C.,Premier League,2023/24,Defender,4,0,4,0
wikipedia,Tomáš_Souček,Tomáš Souček,West Ham United F.C.,Premier League,2023/24,Midfielder,37,34,3,7
wikipedia,Vladimír_Coufal,Vladimír Coufal,West Ham United F.C.,Premier League,2023/24,Defender,36,36,0,0
wikipedia,Łukasz_Fabiański,Łukasz Fabiański,West Ham United F.C.,Premier League,2023/24,Goalkeeper,10,7,3,0
wikipedia,Dan_Bentley_(footballer),Dan Bentley,Wolverhampton Wanderers F.C.,Premier League,2023/24,Goalkeeper,4,2,2,0
wikipedia,"Fábio_Silva_(footballer,_born_2002)",Fábio Silva,Wolverhampton Wanderers F.C.,Premier League,2023/24,Forward,8,4,4,0
wikipedia,"Hugo_Bueno_(footballer,_born_2002)",Hugo Bueno,Wolverhampton Wanderers F.C.,Premier League,2023/24,Defender,19,6,13,0
wikipedia,Hwang_Hee-chan,Hwang Hee-chan,Wolverhampton Wanderers F.C.,Premier League,2023/24,Forward,26,22,4,12
wikipedia,Jean-Ricner_Bellegarde,Jean-Ricner Bellegarde,Wolverhampton Wanderers F.C.,Premier League,2023/24,Midfielder,19,9,10,2
wikipedia,Jonny_(footballer),Jonny,Wolverhampton Wanderers F.C.,Premier League,2023/24,Defender,1,0,1,0
wikipedia,José_Sá,José Sá,Wolverhampton Wanderers F.C.,Premier League,2023/24,Goalkeeper,33,33,0,0
wikipedia,Leon_Chiwome,Leon Chiwome,Wolverhampton Wanderers F.C.,Premier League,2023/24,Forward,3,2,1,0
wikipedia,Mario_Lemina,Mario Lemina,Wolverhampton Wanderers F.C.,Premier League,2023/24,Midfielder,32,31,1,4
wikipedia,Matheus_Cunha,Matheus Cunha,Wolverhampton Wanderers F.C.,Premier League,2023/24,Forward,29,26,3,12
wikipedia,Matheus_Nunes,Matheus Nunes,Wolverhampton Wanderers F.C.,Premier League,2023/24,Midfielder,2,2,0,0
wikipedia,"Matt_Doherty_(footballer,_born_1992)",Matt Doherty,Wolverhampton Wanderers F.C.,Premier League,2023/24,Defender,28,8,20,1
wikipedia,Pablo_Sarabia,Pablo Sarabia,Wolverhampton Wanderers F.C.,Premier League,2023/24,Midfielder,28,20,8,4
wikipedia,Pedro_Neto,Pedro Neto,Wolverhampton Wanderers F.C.,Premier League,2023/24,Forward,18,17,1,2
wikipedia,Santiago_Bueno,Santiago Bueno,Wolverhampton Wanderers F.C.,Premier League,2023/24,Defender,11,8,3,0
wikipedia,Saša_Kalajdžić,Saša Kalajdžić,Wolverhampton Wanderers F.C.,Premier League,2023/24,Forward,11,1,10,2
wikipedia,Tawanda_Chirewa,Tawanda Chirewa,Wolverhampton Wanderers F.C.,Premier League,2023/24,Midfielder,7,1,6,0
wikipedia,"Tommy_Doyle_(footballer,_born_2001)",Tommy Doyle,Wolverhampton Wanderers F.C.,Premier League,2023/24,Midfielder,24,11,13,0
wikipedia,"Toti_(footballer,_born_1999)",Toti,Wolverhampton Wanderers F.C.,Premier League,2023/24,Defender,32,28,4,1
wikipedia,"Adam_Smith_(footballer,_born_1991)",Adam Smith,AFC Bournemouth,Premier League,2024/25,Defender,25,19,6,0
wikipedia,"Alex_Scott_(footballer,_born_2003)",Alex Scott,AFC Bournemouth,Premier League,2024/25,Midfielder,20,8,12,0
wikipedia,Ben_Winterburn,Ben Winterburn,AFC Bournemouth,Premier League,2024/25,Midfielder,4,0,4,0
wikipedia,Dango_Ouattara,Dango Ouattara,AFC Bournemouth,Premier League,2024/25,Midfielder,32,21,11,7
wikipedia,Daniel_Jebbison,Daniel Jebbison,AFC Bournemouth,Premier League,2024/25,Forward,16,0,16,1
wikipedia,David_Brooks_(footballer),David Brooks,AFC Bournemouth,Premier League,2024/25,Midfielder,29,9,20,2
wikipedia,Dean_Huijsen,Dean Huijsen,AFC Bournemouth,Premier League,2024/25,Defender,32,26,6,3
wikipedia,Enes_Ünal,Enes Ünal,AFC Bournemouth,Premier League,2024/25,Forward,17,2,15,2
wikipedia,"Evanilson_(footballer,_born_1999)",Evanilson,AFC Bournemouth,Premier League,2024/25,Forward,31,28,3,10
wikipedia,Illia_Zabarnyi,Illia Zabarnyi,AFC Bournemouth,Premier League,2024/25,Defender,36,35,1,0
wikipedia,"James_Hill_(footballer,_born_2002)",James Hill,AFC Bournemouth,Premier League,2024/25,Defender,10,6,4,0
wikipedia,Julio_Soler,Julio Soler,AFC Bournemouth,Premier League,2024/25,Defender,3,0,3,0
wikipedia,Julián_Araujo,Julián Araujo,AFC Bournemouth,Premier League,2024/25,Defender,12,7,5,0
wikipedia,Justin_Kluivert,Justin Kluivert,AFC Bournemouth,Premier League,2024/25,Forward,34,29,5,12
wikipedia,Kepa_Arrizabalaga,Kepa Arrizabalaga,AFC Bournemouth,Premier League,2024/25,Goalkeeper,31,31,0,0
wikipedia,"Lewis_Cook_(footballer,_born_1997)",Lewis Cook,AFC Bournemouth,Premier League,2024/25,Midfielder,36,32,4,1
wikipedia,Luis_Sinisterra,Luis Sinisterra,AFC Bournemouth,Premier League,2024/25,Midfielder,12,1,11,1
wikipedia,Marcos_Senesi,Marcos Senesi,AFC Bournemouth,Premier League,2024/25,Defender,17,13,4,0
wikipedia,Marcus_Tavernier,Marcus Tavernier,AFC Bournemouth,Premier League,2024/25,Midfielder,29,20,9,3
wikipedia,Mark_Travers,Mark Travers,AFC Bournemouth,Premier League,2024/25,Goalkeeper,5,5,0,0
wikipedia,Max_Aarons,Max Aarons,AFC Bournemouth,Premier League,2024/25,Defender,3,1,2,0
wikipedia,Milos_Kerkez,Milos Kerkez,AFC Bournemouth,Premier League,2024/25,Defender,38,38,0,2
wikipedia,"Neto_(footballer,_born_1989)",Neto,AFC Bournemouth,Premier League,2024/25,Goalkeeper,2,2,0,0
wikipedia,Philip_Billing,Philip Billing,AFC Bournemouth,Premier League,2024/25,Midfielder,10,1,9,0
wikipedia,Remy_Rees-Dottin,Remy Rees-Dottin,AFC Bournemouth,Premier League,2024/25,Forward,1,0,1,0
wikipedia,Ryan_Christie,Ryan Christie,AFC Bournemouth,Premier League,2024/25,Midfielder,29,27,2,2
wikipedia,Tyler_Adams,Tyler Adams,AFC Bournemouth,Premier League,2024/25,Midfielder,28,21,7,0
wikipedia,Zain_Silcott-Duberry,Zain Silcott-Duberry,AFC Bournemouth,Premier League,2024/25,Forward,1,0,1,0
wikipedia,Ben_White_(footballer),Ben White,Arsenal F.C.,Premier League,2024/25,Defender,17,13,4,0
wikipedia,Bukayo_Saka,Bukayo Saka,Arsenal F.C.,Premier League,2024/25,Forward,25,20,5,6
wikipedia,David_Raya,David Raya,Arsenal F.C.,Premier League,2024/25,Goalkeeper,38,38,0,0
wikipedia,Declan_Rice,Declan Rice,Arsenal F.C.,Premier League,2024/25,Midfielder,35,33,2,4
wikipedia,Ethan_Nwaneri,Ethan Nwaneri,Arsenal F.C.,Premier League,2024/25,Midfielder,26,11,15,4
wikipedia,Gabriel_Jesus,Gabriel Jesus,Arsenal F.C.,Premier League,2024/25,Forward,17,6,11,3
wikipedia,Gabriel_Magalhães,Gabriel Magalhães,Arsenal F.C.,Premier League,2024/25,Defender,28,28,0,3
wikipedia,Gabriel_Martinelli,Gabriel Martinelli,Arsenal F.C.,Premier League,2024/25,Forward,33,25,8,8
wikipedia,Jakub_Kiwior,Jakub Kiwior,Arsenal F.C.,Premier League,2024/25,Defender,17,10,7,1
wikipedia,"Jorginho_(footballer,_born_December_1991)",Jorginho,Arsenal F.C.,Premier League,2024/25,Midfielder,15,9,6,0
wikipedia,Jurriën_Timber,Jurriën Timber,Arsenal F.C.,Premier League,2024/25,Defender,30,27,3,1
wikipedia,Kai_Havertz,Kai Havertz,Arsenal F.C.,Premier League,2024/25,Forward,23,21,2,9
wikipedia,Kieran_Tierney,Kieran Tierney,Arsenal F.C.,Premier League,2024/25,Defender,13,2,11,1
wikipedia,Leandro_Trossard,Leandro Trossard,Arsenal F.C.,Premier League,2024/25,Forward,38,28,10,8
wikipedia,Martin_Ødegaard,Martin Ødegaard,Arsenal F.C.,Premier League,2024/25,Midfielder,30,26,4,3
wikipedia,Mikel_Merino,Mikel Merino,Arsenal F.C.,Premier League,2024/25,Midfielder,28,17,11,7
wikipedia,Myles_Lewis-Skelly,Myles Lewis-Skelly,Arsenal F.C.,Premier League,2024/25,Midfielder,23,15,8,1
wikipedia,Nathan_Butler-Oyedeji,Nathan Butler-Oyedeji,Arsenal F.C.,Premier League,2024/25,Forward,1,0,1,0
wikipedia,Oleksandr_Zinchenko_(footballer),Oleksandr Zinchenko,Arsenal F.C.,Premier League,2024/25,Defender,15,5,10,0
wikipedia,Raheem_Sterling,Raheem Sterling,Arsenal F.C.,Premier League,2024/25,Forward,17,7,10,0
wikipedia,Reiss_Nelson,Reiss Nelson,Arsenal F.C.,Premier League,2024/25,Forward,1,0,1,0
wikipedia,Riccardo_Calafiori,Riccardo Calafiori,Arsenal F.C.,Premier League,2024/25,Defender,19,11,8,2
wikipedia,Takehiro_Tomiyasu,Takehiro Tomiyasu,Arsenal F.C.,Premier League,2024/25,Defender,1,0,1,0
wikipedia,Thomas_Partey,Thomas Partey,Arsenal F.C.,Premier League,2024/25,Midfielder,35,31,4,4
wikipedia,William_Saliba,William Saliba,Arsenal F.C.,Premier League,2024/25,Defender,35,35,0,2
wikipedia,Amadou_Onana,Amadou Onana,Aston Villa F.C.,Premier League,2024/25,Midfielder,26,20,6,3
wikipedia,"Andrés_García_(footballer,_born_2003)",Andrés García,Aston Villa F.C.,Premier League,2024/25,Defender,7,5,2,0
wikipedia,Axel_Disasi,Axel Disasi,Aston Villa F.C.,Premier League,2024/25,Defender,7,5,2,0
wikipedia,Boubacar_Kamara,Boubacar Kamara,Aston Villa F.C.,Premier League,2024/25,Midfielder,26,20,6,1
wikipedia,"Diego_Carlos_(footballer,_born_1993)",Diego Carlos,Aston Villa F.C.,Premier League,2024/25,Defender,10,8,2,0
wikipedia,Donyell_Malen,Donyell Malen,Aston Villa F.C.,Premier League,2024/25,Forward,14,2,12,3
wikipedia,Emiliano_Buendía,Emiliano Buendía,Aston Villa F.C.,Premier League,2024/25,Midfielder,12,0,12,0
wikipedia,Emiliano_Martínez,Emiliano Martínez,Aston Villa F.C.,Premier League,2024/25,Goalkeeper,37,37,0,0
wikipedia,Ezri_Konsa,Ezri Konsa,Aston Villa F.C.,Premier League,2024/25,Defender,34,33,1,2
wikipedia,Ian_Maatsen,Ian Maatsen,Aston Villa F.C.,Premier League,2024/25,Defender,29,10,19,1
wikipedia,Jacob_Ramsey,Jacob Ramsey,Aston Villa F.C.,Premier League,2024/25,Midfielder,29,19,10,1
wikipedia,Jaden_Philogene,Jaden Philogene,Aston Villa F.C.,Premier League,2024/25,Forward,11,2,9,0
wikipedia,Jhon_Durán,Jhon Durán,Aston Villa F.C.,Premier League,2024/25,Forward,20,4,16,7
wikipedia,John_McGinn,John McGinn,Aston Villa F.C.,Premier League,2024/25,Midfielder,34,27,7,1
wikipedia,Kosta_Nedeljković,Kosta Nedeljković,Aston Villa F.C.,Premier League,2024/25,Defender,5,0,5,0
wikipedia,Lamare_Bogarde,Lamare Bogarde,Aston Villa F.C.,Premier League,2024/25,Defender,8,5,3,0
wikipedia,Leon_Bailey,Leon Bailey,Aston Villa F.C.,Premier League,2024/25,Forward,24,14,10,1
wikipedia,Lucas_Digne,Lucas Digne,Aston Villa F.C.,Premier League,2024/25,Defender,32,28,4,0
wikipedia,Marco_Asensio,Marco Asensio,Aston Villa F.C.,Premier League,2024/25,Forward,13,9,4,3
wikipedia,Marcus_Rashford,Marcus Rashford,Aston Villa F.C.,Premier League,2024/25,Forward,10,4,6,2
wikipedia,Matty_Cash,Matty Cash,Aston Villa F.C.,Premier League,2024/25,Defender,27,24,3,1
wikipedia,Morgan_Rogers,Morgan Rogers,Aston Villa F.C.,Premier League,2024/25,Forward,37,37,0,8
wikipedia,Ollie_Watkins,Ollie Watkins,Aston Villa F.C.,Premier League,2024/25,Forward,38,32,6,16
wikipedia,Pau_Torres,Pau Torres,Aston Villa F.C.,Premier League,2024/25,Defender,24,23,1,0
wikipedia,Robin_Olsen,Robin Olsen,Aston Villa F.C.,Premier League,2024/25,Goalkeeper,4,1,3,0
wikipedia,Ross_Barkley,Ross Barkley,Aston Villa F.C.,Premier League,2024/25,Midfielder,20,3,17,3
wikipedia,Tyrone_Mings,Tyrone Mings,Aston Villa F.C.,Premier League,2024/25,Defender,14,12,2,0
wikipedia,Youri_Tielemans,Youri Tielemans,Aston Villa F.C.,Premier League,2024/25,Midfielder,36,35,1,3
wikipedia,Ben_Mee,Ben Mee,Brentford F.C.,Premier League,2024/25,Defender,7,2,5,0
wikipedia,Bryan_Mbeumo,Bryan Mbeumo,Brentford F.C.,Premier League,2024/25,Forward,38,38,0,20
wikipedia,Christian_Nørgaard,Christian Nørgaard,Brentford F.C.,Premier League,2024/25,Midfielder,34,34,0,5
wikipedia,Ethan_Pinnock,Ethan Pinnock,Brentford F.C.,Premier League,2024/25,Defender,22,21,1,2
wikipedia,Frank_Onyeka,Frank Onyeka,Brentford F.C.,Premier League,2024/25,Midfielder,2,0,2,0
wikipedia,"Fábio_Carvalho_(footballer,_born_2002)",Fábio Carvalho,Brentford F.C.,Premier League,2024/25,Midfielder,19,3,16,2
wikipedia,Gustavo_Nunes,Gustavo Nunes,Brentford F.C.,Premier League,2024/25,Forward,3,0,3,0
wikipedia,Hákon_Valdimarsson,Hákon Valdimarsson,Brentford F.C.,Premier League,2024/25,Goalkeeper,2,1,1,0
wikipedia,Igor_Thiago,Igor Thiago,Brentford F.C.,Premier League,2024/25,Forward,8,1,7,0
wikipedia,Jayden_Meghoma,Jayden Meghoma,Brentford F.C.,Premier League,2024/25,Defender,1,0,1,0
wikipedia,Keane_Lewis-Potter,Keane Lewis-Potter,Brentford F.C.,Premier League,2024/25,Defender,38,36,2,1
wikipedia,Kevin_Schade,Kevin Schade,Brentford F.C.,Premier League,2024/25,Forward,38,26,12,11
wikipedia,Kim_Ji-soo_(footballer),Kim Ji-soo,Brentford F.C.,Premier League,2024/25,Defender,3,0,3,0
wikipedia,Kristoffer_Ajer,Kristoffer Ajer,Brentford F.C.,Premier League,2024/25,Defender,24,17,7,0
wikipedia,Mads_Roerslev,Mads Roerslev,Brentford F.C.,Premier League,2024/25,Defender,19,11,8,0
wikipedia,Mark_Flekken,Mark Flekken,Brentford F.C.,Premier League,2024/25,Goalkeeper,37,37,0,0
wikipedia,Mathias_Jensen,Mathias Jensen,Brentford F.C.,Premier League,2024/25,Midfielder,24,8,16,0
wikipedia,Michael_Kayode,Michael Kayode,Brentford F.C.,Premier League,2024/25,Defender,12,6,6,0
wikipedia,Mikkel_Damsgaard,Mikkel Damsgaard,Brentford F.C.,Premier League,2024/25,Midfielder,37,33,4,2
wikipedia,Nathan_Collins,Nathan Collins,Brentford F.C.,Premier League,2024/25,Defender,38,38,0,2
wikipedia,Paris_Maghoma,Paris Maghoma,Brentford F.C.,Premier League,2024/25,Midfielder,8,0,8,0
wikipedia,Rico_Henry,Rico Henry,Brentford F.C.,Premier League,2024/25,Defender,5,0,5,0
wikipedia,Ryan_Trevitt,Ryan Trevitt,Brentford F.C.,Premier League,2024/25,Midfielder,1,0,1,0
wikipedia,Sepp_van_den_Berg,Sepp van den Berg,Brentford F.C.,Premier League,2024/25,Defender,31,29,2,0
wikipedia,Vitaly_Janelt,Vitaly Janelt,Brentford F.C.,Premier League,2024/25,Midfielder,32,27,5,1
wikipedia,Yehor_Yarmolyuk,Yehor Yarmolyuk,Brentford F.C.,Premier League,2024/25,Midfielder,31,15,16,0
wikipedia,Yoane_Wissa,Yoane Wissa,Brentford F.C.,Premier League,2024/25,Forward,35,34,1,19
wikipedia,Yunus_Emre_Konak,Yunus Emre Konak,Brentford F.C.,Premier League,2024/25,Midfielder,10,0,10,0
wikipedia,"Adam_Webster_(footballer,_born_1995)",Adam Webster,Brighton & Hove Albion F.C.,Premier League,2024/25,Defender,14,11,3,0
wikipedia,Bart_Verbruggen,Bart Verbruggen,Brighton & Hove Albion F.C.,Premier League,2024/25,Goalkeeper,36,36,0,0
wikipedia,Billy_Gilmour,Billy Gilmour,Brighton & Hove Albion F.C.,Premier League,2024/25,Midfielder,2,1,1,0
wikipedia,Brajan_Gruda,Brajan Gruda,Brighton & Hove Albion F.C.,Premier League,2024/25,Midfielder,21,8,13,1
wikipedia,Carlos_Baleba,Carlos Baleba,Brighton & Hove Albion F.C.,Premier League,2024/25,Midfielder,34,31,3,3
wikipedia,Danny_Welbeck,Danny Welbeck,Brighton & Hove Albion F.C.,Premier League,2024/25,Forward,30,24,6,10
wikipedia,Diego_Gómez_(Paraguayan_footballer),Diego Gómez,Brighton & Hove Albion F.C.,Premier League,2024/25,Midfielder,16,4,12,1
wikipedia,Eiran_Cashin,Eiran Cashin,Brighton & Hove Albion F.C.,Premier League,2024/25,Defender,2,0,2,0
wikipedia,Evan_Ferguson,Evan Ferguson,Brighton & Hove Albion F.C.,Premier League,2024/25,Forward,13,2,11,1
wikipedia,Ferdi_Kadıoğlu,Ferdi Kadıoğlu,Brighton & Hove Albion F.C.,Premier League,2024/25,Defender,6,5,1,1
wikipedia,Georginio_Rutter,Georginio Rutter,Brighton & Hove Albion F.C.,Premier League,2024/25,Forward,28,19,9,5
wikipedia,Harry_Howell_(footballer),Harry Howell,Brighton & Hove Albion F.C.,Premier League,2024/25,Midfielder,1,0,1,0
wikipedia,Igor_Julio,Igor Julio,Brighton & Hove Albion F.C.,Premier League,2024/25,Defender,12,9,3,0
wikipedia,Jack_Hinshelwood,Jack Hinshelwood,Brighton & Hove Albion F.C.,Premier League,2024/25,Midfielder,26,22,4,5
wikipedia,Jakub_Moder,Jakub Moder,Brighton & Hove Albion F.C.,Premier League,2024/25,Midfielder,4,0,4,0
wikipedia,James_Milner,James Milner,Brighton & Hove Albion F.C.,Premier League,2024/25,Midfielder,4,3,1,0
wikipedia,Jan_Paul_van_Hecke,Jan Paul van Hecke,Brighton & Hove Albion F.C.,Premier League,2024/25,Defender,34,33,1,1
wikipedia,Jason_Steele_(footballer),Jason Steele,Brighton & Hove Albion F.C.,Premier League,2024/25,Goalkeeper,2,2,0,0
wikipedia,Jeremy_Sarmiento,Jeremy Sarmiento,Brighton & Hove Albion F.C.,Premier League,2024/25,Midfielder,1,0,1,0
wikipedia,"João_Pedro_(footballer,_born_2001)",João Pedro,Brighton & Hove Albion F.C.,Premier League,2024/25,Forward,27,23,4,10
wikipedia,Joël_Veltman,Joël Veltman,Brighton & Hove Albion F.C.,Premier League,2024/25,Defender,21,19,2,0
wikipedia,"Julio_Enciso_(footballer,_born_2004)",Julio Enciso,Brighton & Hove Albion F.C.,Premier League,2024/25,Midfielder,12,2,10,0
wikipedia,Kaoru_Mitoma,Kaoru Mitoma,Brighton & Hove Albion F.C.,Premier League,2024/25,Midfielder,36,28,8,10
wikipedia,Lewis_Dunk,Lewis Dunk,Brighton & Hove Albion F.C.,Premier League,2024/25,Defender,25,23,2,0
wikipedia,Mats_Wieffer,Mats Wieffer,Brighton & Hove Albion F.C.,Premier League,2024/25,Midfielder,25,10,15,1
wikipedia,Matt_O'Riley,Matt O'Riley,Brighton & Hove Albion F.C.,Premier League,2024/25,Midfielder,21,11,10,2
wikipedia,Pervis_Estupiñán,Pervis Estupiñán,Brighton & Hove Albion F.C.,Premier League,2024/25,Defender,30,26,4,1
wikipedia,Simon_Adingra,Simon Adingra,Brighton & Hove Albion F.C.,Premier League,2024/25,Midfielder,29,12,17,2
wikipedia,Solly_March,Solly March,Brighton & Hove Albion F.C.,Premier League,2024/25,Midfielder,8,1,7,0
wikipedia,Tariq_Lamptey,Tariq Lamptey,Brighton & Hove Albion F.C.,Premier League,2024/25,Defender,15,10,5,2
wikipedia,Yankuba_Minteh,Yankuba Minteh,Brighton & Hove Albion F.C.,Premier League,2024/25,Midfielder,32,20,12,6
wikipedia,Yasin_Ayari,Yasin Ayari,Brighton & Hove Albion F.C.,Premier League,2024/25,Midfielder,34,22,12,2
wikipedia,Axel_Disasi,Axel Disasi,Chelsea F.C.,Premier League,2024/25,Defender,6,4,2,1
wikipedia,Benoît_Badiashile,Benoît Badiashile,Chelsea F.C.,Premier League,2024/25,Defender,5,3,2,0
wikipedia,Christopher_Nkunku,Christopher Nkunku,Chelsea F.C.,Premier League,2024/25,Forward,27,9,18,3
wikipedia,Cole_Palmer,Cole Palmer,Chelsea F.C.,Premier League,2024/25,Midfielder,37,36,1,15
wikipedia,Enzo_Fernández,Enzo Fernández,Chelsea F.C.,Premier League,2024/25,Midfielder,36,32,4,6
wikipedia,Filip_Jörgensen,Filip Jörgensen,Chelsea F.C.,Premier League,2024/25,Goalkeeper,6,6,0,0
wikipedia,Jadon_Sancho,Jadon Sancho,Chelsea F.C.,Premier League,2024/25,Forward,31,19,12,3
wikipedia,Josh_Acheampong,Josh Acheampong,Chelsea F.C.,Premier League,2024/25,Defender,4,2,2,0
wikipedia,João_Félix,João Félix,Chelsea F.C.,Premier League,2024/25,Midfielder,12,3,9,1
wikipedia,Kiernan_Dewsbury-Hall,Kiernan Dewsbury-Hall,Chelsea F.C.,Premier League,2024/25,Midfielder,13,2,11,0
wikipedia,Levi_Colwill,Levi Colwill,Chelsea F.C.,Premier League,2024/25,Defender,35,35,0,2
wikipedia,Malo_Gusto,Malo Gusto,Chelsea F.C.,Premier League,2024/25,Defender,32,19,13,0
wikipedia,Marc_Cucurella,Marc Cucurella,Chelsea F.C.,Premier League,2024/25,Defender,36,33,3,5
wikipedia,Marc_Guiu,Marc Guiu,Chelsea F.C.,Premier League,2024/25,Forward,3,0,3,0
wikipedia,Mathis_Amougou,Mathis Amougou,Chelsea F.C.,Premier League,2024/25,Midfielder,1,0,1,0
wikipedia,Moisés_Caicedo,Moisés Caicedo,Chelsea F.C.,Premier League,2024/25,Midfielder,38,38,0,1
wikipedia,Mykhailo_Mudryk,Mykhailo Mudryk,Chelsea F.C.,Premier League,2024/25,Forward,7,1,6,0
wikipedia,Nicolas_Jackson,Nicolas Jackson,Chelsea F.C.,Premier League,2024/25,Forward,30,28,2,10
wikipedia,Noni_Madueke,Noni Madueke,Chelsea F.C.,Premier League,2024/25,Forward,32,27,5,7
wikipedia,Pedro_Neto,Pedro Neto,Chelsea F.C.,Premier League,2024/25,Forward,35,24,11,4
wikipedia,Reece_James,Reece James,Chelsea F.C.,Premier League,2024/25,Defender,19,12,7,1
wikipedia,Renato_Veiga,Renato Veiga,Chelsea F.C.,Premier League,2024/25,Defender,7,1,6,0
wikipedia,Robert_Sánchez,Robert Sánchez,Chelsea F.C.,Premier League,2024/25,Goalkeeper,32,32,0,0
wikipedia,Roméo_Lavia,Roméo Lavia,Chelsea F.C.,Premier League,2024/25,Midfielder,16,11,5,0
wikipedia,Shim_Mheuka,Shim Mheuka,Chelsea F.C.,Premier League,2024/25,Forward,1,0,1,0
wikipedia,Tosin_Adarabioyo,Tosin Adarabioyo,Chelsea F.C.,Premier League,2024/25,Defender,22,15,7,1
wikipedia,Tyrique_George,Tyrique George,Chelsea F.C.,Premier League,2024/25,Midfielder,8,1,7,1
wikipedia,Wesley_Fofana_(footballer),Wesley Fofana,Chelsea F.C.,Premier League,2024/25,Defender,14,14,0,0
wikipedia,Adam_Wharton,Adam Wharton,Crystal Palace F.C.,Premier League,2024/25,Midfielder,20,16,4,0
wikipedia,Asher_Agbinone,Asher Agbinone,Crystal Palace F.C.,Premier League,2024/25,Forward,2,0,2,0
wikipedia,Ben_Chilwell,Ben Chilwell,Crystal Palace F.C.,Premier League,2024/25,Defender,8,1,7,1
wikipedia,Caleb_Kporha,Caleb Kporha,Crystal Palace F.C.,Premier League,2024/25,Defender,2,0,2,0
wikipedia,Chadi_Riad,Chadi Riad,Crystal Palace F.C.,Premier League,2024/25,Defender,1,1,0,0
wikipedia,Cheick_Doucouré,Cheick Doucouré,Crystal Palace F.C.,Premier League,2024/25,Midfielder,13,4,9,0
wikipedia,Chris_Richards_(soccer),Chris Richards,Crystal Palace F.C.,Premier League,2024/25,Defender,24,22,2,1
wikipedia,Daichi_Kamada,Daichi Kamada,Crystal Palace F.C.,Premier League,2024/25,Midfielder,34,15,19,0
wikipedia,Daniel_Muñoz_(footballer),Daniel Muñoz,Crystal Palace F.C.,Premier League,2024/25,Defender,37,37,0,4
wikipedia,Dean_Henderson,Dean Henderson,Crystal Palace F.C.,Premier League,2024/25,Goalkeeper,38,38,0,0
wikipedia,Eberechi_Eze,Eberechi Eze,Crystal Palace F.C.,Premier League,2024/25,Midfielder,34,31,3,8
wikipedia,Eddie_Nketiah,Eddie Nketiah,Crystal Palace F.C.,Premier League,2024/25,Forward,29,9,20,3
wikipedia,Ismaïla_Sarr,Ismaïla Sarr,Crystal Palace F.C.,Premier League,2024/25,Forward,38,30,8,8
wikipedia,Jean-Philippe_Mateta,Jean-Philippe Mateta,Crystal Palace F.C.,Premier League,2024/25,Forward,37,32,5,14
wikipedia,Jefferson_Lerma,Jefferson Lerma,Crystal Palace F.C.,Premier League,2024/25,Midfielder,33,26,7,0
wikipedia,Jeffrey_Schlupp,Jeffrey Schlupp,Crystal Palace F.C.,Premier League,2024/25,Midfielder,12,0,12,0
wikipedia,Joachim_Andersen_(footballer),Joachim Andersen,Crystal Palace F.C.,Premier League,2024/25,Defender,1,1,0,0
wikipedia,Joel_Ward_(footballer),Joel Ward,Crystal Palace F.C.,Premier League,2024/25,Defender,2,1,1,0
wikipedia,Jordan_Ayew,Jordan Ayew,Crystal Palace F.C.,Premier League,2024/25,Forward,1,0,1,0
wikipedia,Justin_Devenny,Justin Devenny,Crystal Palace F.C.,Premier League,2024/25,Midfielder,23,4,19,1
wikipedia,Marc_Guéhi,Marc Guéhi,Crystal Palace F.C.,Premier League,2024/25,Defender,34,34,0,3
wikipedia,Matheus_França,Matheus França,Crystal Palace F.C.,Premier League,2024/25,Midfielder,4,0,4,1
wikipedia,Maxence_Lacroix,Maxence Lacroix,Crystal Palace F.C.,Premier League,2024/25,Defender,35,35,0,1
wikipedia,Nathaniel_Clyne,Nathaniel Clyne,Crystal Palace F.C.,Premier League,2024/25,Defender,13,5,8,0
wikipedia,Odsonne_Édouard,Odsonne Édouard,Crystal Palace F.C.,Premier League,2024/25,Forward,2,1,1,0
wikipedia,Romain_Esse,Romain Esse,Crystal Palace F.C.,Premier League,2024/25,Midfielder,7,1,6,1
wikipedia,Trevoh_Chalobah,Trevoh Chalobah,Crystal Palace F.C.,Premier League,2024/25,Defender,12,12,0,3
wikipedia,Tyrick_Mitchell,Tyrick Mitchell,Crystal Palace F.C.,Premier League,2024/25,Defender,37,37,0,0
wikipedia,Will_Hughes,Will Hughes,Crystal Palace F.C.,Premier League,2024/25,Midfielder,33,24,9,0
wikipedia,Abdoulaye_Doucouré,Abdoulaye Doucouré,Everton F.C.,Premier League,2024/25,Midfielder,33,31,2,3
wikipedia,Armando_Broja,Armando Broja,Everton F.C.,Premier League,2024/25,Forward,10,4,6,0
wikipedia,Ashley_Young,Ashley Young,Everton F.C.,Premier League,2024/25,Defender,32,19,13,1
wikipedia,"Beto_(footballer,_born_1998)",Beto,Everton F.C.,Premier League,2024/25,Forward,30,15,15,8
wikipedia,Carlos_Alcaraz_(footballer),Carlos Alcaraz,Everton F.C.,Premier League,2024/25,Midfielder,15,7,8,2
wikipedia,Dominic_Calvert-Lewin,Dominic Calvert-Lewin,Everton F.C.,Premier League,2024/25,Forward,22,15,7,3
wikipedia,Dwight_McNeil,Dwight McNeil,Everton F.C.,Premier League,2024/25,Forward,21,15,6,4
wikipedia,Harrison_Armstrong_(footballer),Harrison Armstrong,Everton F.C.,Premier League,2024/25,Midfielder,3,0,3,0
wikipedia,Idrissa_Gueye,Idrissa Gueye,Everton F.C.,Premier League,2024/25,Midfielder,37,35,2,0
wikipedia,Iliman_Ndiaye,Iliman Ndiaye,Everton F.C.,Premier League,2024/25,Midfielder,33,29,4,9
wikipedia,"Jack_Harrison_(footballer,_born_1996)",Jack Harrison,Everton F.C.,Premier League,2024/25,Forward,34,24,10,1
wikipedia,Jake_O'Brien_(footballer),Jake O'Brien,Everton F.C.,Premier League,2024/25,Defender,20,17,3,2
wikipedia,"James_Garner_(footballer,_born_2001)",James Garner,Everton F.C.,Premier League,2024/25,Midfielder,21,17,4,0
wikipedia,James_Tarkowski,James Tarkowski,Everton F.C.,Premier League,2024/25,Defender,33,33,0,1
wikipedia,Jarrad_Branthwaite,Jarrad Branthwaite,Everton F.C.,Premier League,2024/25,Defender,30,28,2,0
wikipedia,Jesper_Lindstrøm,Jesper Lindstrøm,Everton F.C.,Premier League,2024/25,Forward,25,15,10,0
wikipedia,Jordan_Pickford,Jordan Pickford,Everton F.C.,Premier League,2024/25,Goalkeeper,38,38,0,0
wikipedia,Mason_Holgate,Mason Holgate,Everton F.C.,Premier League,2024/25,Defender,1,0,1,0
wikipedia,"Michael_Keane_(footballer,_born_1993)",Michael Keane,Everton F.C.,Premier League,2024/25,Defender,14,11,3,3
wikipedia,Nathan_Patterson_(footballer),Nathan Patterson,Everton F.C.,Premier League,2024/25,Defender,10,3,7,0
wikipedia,Orel_Mangala,Orel Mangala,Everton F.C.,Premier League,2024/25,Midfielder,19,14,5,1
wikipedia,Roman_Dixon,Roman Dixon,Everton F.C.,Premier League,2024/25,Defender,1,1,0,0
wikipedia,Séamus_Coleman,Séamus Coleman,Everton F.C.,Premier League,2024/25,Defender,5,3,2,0
wikipedia,Tim_Iroegbunam,Tim Iroegbunam,Everton F.C.,Premier League,2024/25,Midfielder,18,5,13,0
wikipedia,Vitaliy_Mykolenko,Vitaliy Mykolenko,Everton F.C.,Premier League,2024/25,Defender,35,35,0,1
wikipedia,Youssef_Chermiti,Youssef Chermiti,Everton F.C.,Premier League,2024/25,Forward,4,0,4,0
wikipedia,"Adama_Traoré_(footballer,_born_1996)",Adama Traoré,Fulham F.C.,Premier League,2024/25,Forward,36,18,18,2
wikipedia,Alex_Iwobi,Alex Iwobi,Fulham F.C.,Premier League,2024/25,Midfielder,38,35,3,9
wikipedia,Andreas_Pereira,Andreas Pereira,Fulham F.C.,Premier League,2024/25,Midfielder,33,25,8,2
wikipedia,Antonee_Robinson,Antonee Robinson,Fulham F.C.,Premier League,2024/25,Defender,36,35,1,0
wikipedia,Bernd_Leno,Bernd Leno,Fulham F.C.,Premier League,2024/25,Goalkeeper,38,38,0,0
wikipedia,Calvin_Bassey,Calvin Bassey,Fulham F.C.,Premier League,2024/25,Defender,35,34,1,1
wikipedia,Carlos_Vinícius,Carlos Vinícius,Fulham F.C.,Premier League,2024/25,Forward,3,0,3,0
wikipedia,Emile_Smith_Rowe,Emile Smith Rowe,Fulham F.C.,Premier League,2024/25,Midfielder,34,25,9,6
wikipedia,Harrison_Reed_(footballer),Harrison Reed,Fulham F.C.,Premier League,2024/25,Midfielder,12,0,12,0
wikipedia,"Harry_Wilson_(footballer,_born_1997)",Harry Wilson,Fulham F.C.,Premier League,2024/25,Forward,25,12,13,6
wikipedia,Issa_Diop_(footballer),Issa Diop,Fulham F.C.,Premier League,2024/25,Defender,21,15,6,0
wikipedia,Jay_Stansfield,Jay Stansfield,Fulham F.C.,Premier League,2024/25,Forward,1,0,1,0
wikipedia,Joachim_Andersen_(footballer),Joachim Andersen,Fulham F.C.,Premier League,2024/25,Defender,29,29,0,0
wikipedia,Jorge_Cuenca,Jorge Cuenca,Fulham F.C.,Premier League,2024/25,Defender,8,4,4,0
wikipedia,"Joshua_King_(footballer,_born_2007)",Joshua King,Fulham F.C.,Premier League,2024/25,Midfielder,8,1,7,0
wikipedia,Kenny_Tete,Kenny Tete,Fulham F.C.,Premier League,2024/25,Defender,22,21,1,0
wikipedia,Martial_Godo,Martial Godo,Fulham F.C.,Premier League,2024/25,Forward,2,0,2,0
wikipedia,Raúl_Jiménez,Raúl Jiménez,Fulham F.C.,Premier League,2024/25,Forward,38,30,8,12
wikipedia,Reiss_Nelson,Reiss Nelson,Fulham F.C.,Premier League,2024/25,Forward,11,5,6,1
wikipedia,Rodrigo_Muniz_(Brazilian_footballer),Rodrigo Muniz,Fulham F.C.,Premier League,2024/25,Forward,31,8,23,8
wikipedia,Ryan_Sessegnon,Ryan Sessegnon,Fulham F.C.,Premier League,2024/25,Defender,16,7,9,4
wikipedia,Sander_Berge,Sander Berge,Fulham F.C.,Premier League,2024/25,Midfielder,31,26,5,0
wikipedia,Saša_Lukić,Saša Lukić,Fulham F.C.,Premier League,2024/25,Midfielder,30,28,2,0
wikipedia,Timothy_Castagne,Timothy Castagne,Fulham F.C.,Premier League,2024/25,Defender,24,17,7,0
wikipedia,Tom_Cairney,Tom Cairney,Fulham F.C.,Premier League,2024/25,Midfielder,25,3,22,2
wikipedia,"Willian_(footballer,_born_1988)",Willian,Fulham F.C.,Premier League,2024/25,Forward,10,2,8,0
wikipedia,Alex_Palmer,Alex Palmer,Ipswich Town F.C.,Premier League,2024/25,Goalkeeper,13,13,0,0
wikipedia,Ali_Al-Hamadi,Ali Al-Hamadi,Ipswich Town F.C.,Premier League,2024/25,Forward,11,0,11,0
wikipedia,Arijanet_Muric,Arijanet Muric,Ipswich Town F.C.,Premier League,2024/25,Goalkeeper,18,18,0,0
wikipedia,Axel_Tuanzebe,Axel Tuanzebe,Ipswich Town F.C.,Premier League,2024/25,Defender,22,20,2,0
wikipedia,Ben_Godfrey,Ben Godfrey,Ipswich Town F.C.,Premier League,2024/25,Defender,3,2,1,0
wikipedia,"Ben_Johnson_(footballer,_born_2000)",Ben Johnson,Ipswich Town F.C.,Premier League,2024/25,Defender,23,14,9,1
wikipedia,Cameron_Burgess,Cameron Burgess,Ipswich Town F.C.,Premier League,2024/25,Defender,18,16,2,0
wikipedia,Chiedozie_Ogbene,Chiedozie Ogbene,Ipswich Town F.C.,Premier League,2024/25,Forward,5,3,2,0
wikipedia,Christian_Walton,Christian Walton,Ipswich Town F.C.,Premier League,2024/25,Goalkeeper,7,7,0,0
wikipedia,Conor_Chaplin,Conor Chaplin,Ipswich Town F.C.,Premier League,2024/25,Forward,22,10,12,1
wikipedia,Conor_Townsend,Conor Townsend,Ipswich Town F.C.,Premier League,2024/25,Defender,6,3,3,0
wikipedia,Dara_O'Shea,Dara O'Shea,Ipswich Town F.C.,Premier League,2024/25,Defender,35,35,0,0
wikipedia,George_Edmundson_(footballer),George Edmundson,Ipswich Town F.C.,Premier League,2024/25,Defender,1,0,1,0
wikipedia,George_Hirst_(footballer),George Hirst,Ipswich Town F.C.,Premier League,2024/25,Forward,26,6,20,3
wikipedia,"Harry_Clarke_(footballer,_born_2001)",Harry Clarke,Ipswich Town F.C.,Premier League,2024/25,Defender,7,4,3,0
wikipedia,"Jack_Clarke_(footballer,_born_2000)",Jack Clarke,Ipswich Town F.C.,Premier League,2024/25,Forward,32,13,19,0
wikipedia,"Jack_Taylor_(footballer,_born_1998)",Jack Taylor,Ipswich Town F.C.,Premier League,2024/25,Midfielder,32,4,28,1
wikipedia,Jacob_Greaves,Jacob Greaves,Ipswich Town F.C.,Premier League,2024/25,Defender,24,24,0,1
wikipedia,Jaden_Philogene,Jaden Philogene,Ipswich Town F.C.,Premier League,2024/25,Forward,10,5,5,2
wikipedia,Jens_Cajuste,Jens Cajuste,Ipswich Town F.C.,Premier League,2024/25,Midfielder,30,25,5,1
wikipedia,"Julio_Enciso_(footballer,_born_2004)",Julio Enciso,Ipswich Town F.C.,Premier League,2024/25,Forward,13,12,1,2
wikipedia,Kalvin_Phillips,Kalvin Phillips,Ipswich Town F.C.,Premier League,2024/25,Midfielder,19,14,5,0
wikipedia,Leif_Davis,Leif Davis,Ipswich Town F.C.,Premier League,2024/25,Defender,33,32,1,1
wikipedia,Liam_Delap,Liam Delap,Ipswich Town F.C.,Premier League,2024/25,Forward,37,32,5,12
wikipedia,Luke_Woolfenden,Luke Woolfenden,Ipswich Town F.C.,Premier League,2024/25,Defender,15,12,3,0
wikipedia,Marcus_Harness,Marcus Harness,Ipswich Town F.C.,Premier League,2024/25,Forward,2,0,2,0
wikipedia,Massimo_Luongo,Massimo Luongo,Ipswich Town F.C.,Premier League,2024/25,Midfielder,11,2,9,0
wikipedia,Nathan_Broadhead,Nathan Broadhead,Ipswich Town F.C.,Premier League,2024/25,Forward,18,7,11,2
wikipedia,Omari_Hutchinson,Omari Hutchinson,Ipswich Town F.C.,Premier League,2024/25,Forward,31,30,1,3
wikipedia,Sam_Morsy,Sam Morsy,Ipswich Town F.C.,Premier League,2024/25,Midfielder,33,31,2,1
wikipedia,Sammie_Szmodics,Sammie Szmodics,Ipswich Town F.C.,Premier League,2024/25,Forward,20,13,7,4
wikipedia,Wes_Burns,Wes Burns,Ipswich Town F.C.,Premier League,2024/25,Midfielder,18,12,6,0
wikipedia,Abdul_Fatawu,Abdul Fatawu,Leicester City F.C.,Premier League,2024/25,Forward,11,6,5,0
wikipedia,Bilal_El_Khannouss,Bilal El Khannouss,Leicester City F.C.,Premier League,2024/25,Midfielder,32,27,5,2
wikipedia,Bobby_De_Cordova-Reid,Bobby De Cordova-Reid,Leicester City F.C.,Premier League,2024/25,Forward,23,9,14,1
wikipedia,Boubakary_Soumaré,Boubakary Soumaré,Leicester City F.C.,Premier League,2024/25,Midfielder,31,25,6,0
wikipedia,Caleb_Okoli,Caleb Okoli,Leicester City F.C.,Premier League,2024/25,Defender,19,12,7,1
wikipedia,Conor_Coady,Conor Coady,Leicester City F.C.,Premier League,2024/25,Defender,22,19,3,1
wikipedia,Danny_Ward_(Welsh_footballer),Danny Ward,Leicester City F.C.,Premier League,2024/25,Goalkeeper,2,1,1,0
wikipedia,Facundo_Buonanotte,Facundo Buonanotte,Leicester City F.C.,Premier League,2024/25,Midfielder,30,13,17,5
wikipedia,Hamza_Choudhury,Hamza Choudhury,Leicester City F.C.,Premier League,2024/25,Midfielder,4,1,3,0
wikipedia,Harry_Winks,Harry Winks,Leicester City F.C.,Premier League,2024/25,Midfielder,22,17,5,0
wikipedia,"Jake_Evans_(footballer,_born_2008)",Jake Evans,Leicester City F.C.,Premier League,2024/25,Forward,4,0,4,0
wikipedia,Jakub_Stolarczyk,Jakub Stolarczyk,Leicester City F.C.,Premier League,2024/25,Goalkeeper,10,10,0,0
wikipedia,James_Justin,James Justin,Leicester City F.C.,Premier League,2024/25,Defender,36,34,2,2
wikipedia,Jamie_Vardy,Jamie Vardy,Leicester City F.C.,Premier League,2024/25,Forward,35,35,0,9
wikipedia,Jannik_Vestergaard,Jannik Vestergaard,Leicester City F.C.,Premier League,2024/25,Defender,18,16,2,0
wikipedia,Jeremy_Monga,Jeremy Monga,Leicester City F.C.,Premier League,2024/25,Forward,7,0,7,0
wikipedia,Jordan_Ayew,Jordan Ayew,Leicester City F.C.,Premier League,2024/25,Forward,30,19,11,5
wikipedia,Kasey_McAteer,Kasey McAteer,Leicester City F.C.,Premier League,2024/25,Midfielder,18,9,9,1
wikipedia,"Luke_Thomas_(footballer,_born_2001)",Luke Thomas,Leicester City F.C.,Premier League,2024/25,Defender,14,13,1,0
wikipedia,Mads_Hermansen,Mads Hermansen,Leicester City F.C.,Premier League,2024/25,Goalkeeper,27,27,0,0
wikipedia,Michael_Golding_(footballer),Michael Golding,Leicester City F.C.,Premier League,2024/25,Midfielder,1,0,1,0
wikipedia,Odsonne_Édouard,Odsonne Édouard,Leicester City F.C.,Premier League,2024/25,Forward,4,0,4,0
wikipedia,Olabade_Aluko,Olabade Aluko,Leicester City F.C.,Premier League,2024/25,Defender,1,0,1,0
wikipedia,Oliver_Skipp,Oliver Skipp,Leicester City F.C.,Premier League,2024/25,Midfielder,24,10,14,0
wikipedia,Patson_Daka,Patson Daka,Leicester City F.C.,Premier League,2024/25,Forward,23,6,17,1
wikipedia,"Ricardo_Pereira_(footballer,_born_1993)",Ricardo Pereira,Leicester City F.C.,Premier League,2024/25,Defender,9,4,5,0
wikipedia,Stephy_Mavididi,Stephy Mavididi,Leicester City F.C.,Premier League,2024/25,Forward,30,16,14,4
wikipedia,Victor_Kristiansen,Victor Kristiansen,Leicester City F.C.,Premier League,2024/25,Defender,30,29,1,0
wikipedia,Wilfred_Ndidi,Wilfred Ndidi,Leicester City F.C.,Premier League,2024/25,Midfielder,28,28,0,0
wikipedia,Will_Alves,Will Alves,Leicester City F.C.,Premier League,2024/25,Midfielder,1,0,1,0
wikipedia,Wout_Faes,Wout Faes,Leicester City F.C.,Premier League,2024/25,Defender,34,30,4,1
wikipedia,Woyo_Coulibaly,Woyo Coulibaly,Leicester City F.C.,Premier League,2024/25,Defender,4,1,3,0
wikipedia,Alexis_Mac_Allister,Alexis Mac Allister,Liverpool F.C.,Premier League,2024/25,Midfielder,35,30,5,5
wikipedia,Alisson_Becker,Alisson,Liverpool F.C.,Premier League,2024/25,Goalkeeper,28,28,0,0
wikipedia,Andy_Robertson,Andy Robertson,Liverpool F.C.,Premier League,2024/25,Defender,33,29,4,0
wikipedia,Caoimhín_Kelleher,Caoimhín Kelleher,Liverpool F.C.,Premier League,2024/25,Goalkeeper,10,10,0,0
wikipedia,Cody_Gakpo,Cody Gakpo,Liverpool F.C.,Premier League,2024/25,Forward,35,23,12,10
wikipedia,Conor_Bradley,Conor Bradley,Liverpool F.C.,Premier League,2024/25,Defender,19,7,12,0
wikipedia,"Curtis_Jones_(footballer,_born_2001)",Curtis Jones,Liverpool F.C.,Premier League,2024/25,Midfielder,33,19,14,3
wikipedia,Darwin_Núñez,Darwin Núñez,Liverpool F.C.,Premier League,2024/25,Forward,30,8,22,5
wikipedia,Diogo_Jota,Diogo Jota,Liverpool F.C.,Premier League,2024/25,Forward,26,14,12,6
wikipedia,Dominik_Szoboszlai,Dominik Szoboszlai,Liverpool F.C.,Premier League,2024/25,Midfielder,36,29,7,6
wikipedia,Federico_Chiesa,Federico Chiesa,Liverpool F.C.,Premier League,2024/25,Forward,6,1,5,0
wikipedia,Harvey_Elliott,Harvey Elliott,Liverpool F.C.,Premier League,2024/25,Midfielder,18,2,16,1
wikipedia,Ibrahima_Konaté,Ibrahima Konaté,Liverpool F.C.,Premier League,2024/25,Defender,31,30,1,1
wikipedia,Jarell_Quansah,Jarell Quansah,Liverpool F.C.,Premier League,2024/25,Defender,13,4,9,0
wikipedia,Jayden_Danns,Jayden Danns,Liverpool F.C.,Premier League,2024/25,Forward,1,0,1,0
wikipedia,Joe_Gomez,Joe Gomez,Liverpool F.C.,Premier League,2024/25,Defender,9,6,3,0
wikipedia,Kostas_Tsimikas,Kostas Tsimikas,Liverpool F.C.,Premier League,2024/25,Defender,18,9,9,0
wikipedia,"Luis_Díaz_(footballer,_born_1997)",Luis Díaz,Liverpool F.C.,Premier League,2024/25,Forward,36,28,8,13
wikipedia,Mohamed_Salah,Mohamed Salah,Liverpool F.C.,Premier League,2024/25,Forward,38,38,0,29
wikipedia,Ryan_Gravenberch,Ryan Gravenberch,Liverpool F.C.,Premier League,2024/25,Midfielder,37,37,0,0
wikipedia,Trent_Alexander-Arnold,Trent Alexander-Arnold,Liverpool F.C.,Premier League,2024/25,Defender,33,28,5,3
wikipedia,Virgil_van_Dijk,Virgil van Dijk,Liverpool F.C.,Premier League,2024/25,Defender,37,37,0,3
wikipedia,Vítězslav_Jaroš,Vítězslav Jaroš,Liverpool F.C.,Premier League,2024/25,Goalkeeper,1,0,1,0
wikipedia,Wataru_Endo,Wataru Endo,Liverpool F.C.,Premier League,2024/25,Midfielder,20,1,19,0
wikipedia,Abdukodir_Khusanov,Abdukodir Khusanov,Manchester City F.C.,Premier League,2024/25,Defender,6,,,0
wikipedia,Bernardo_Silva,Bernardo Silva,Manchester City F.C.,Premier League,2024/25,Midfielder,33,,,4
wikipedia,Claudio_Echeverri,Claudio Echeverri,Manchester City F.C.,Premier League,2024/25,Midfielder,1,,,0
wikipedia,Divin_Mubama,Divin Mubama,Manchester City F.C.,Premier League,2024/25,Forward,1,,,0
wikipedia,"Ederson_(footballer,_born_1993)",Ederson,Manchester City F.C.,Premier League,2024/25,,26,,,0
wikipedia,Erling_Haaland,Erling Haaland,Manchester City F.C.,Premier League,2024/25,Forward,31,,,22
wikipedia,Jack_Grealish,Jack Grealish,Manchester City F.C.,Premier League,2024/25,Midfielder,20,,,1
wikipedia,Jahmai_Simpson-Pusey,Jahmai Simpson-Pusey,Manchester City F.C.,Premier League,2024/25,,2,,,0
wikipedia,James_McAtee,James McAtee,Manchester City F.C.,Premier League,2024/25,Midfielder,15,,,3
wikipedia,John_Stones,John Stones,Manchester City F.C.,Premier League,2024/25,Defender,11,,,2
wikipedia,Joško_Gvardiol,Joško Gvardiol,Manchester City F.C.,Premier League,2024/25,Defender,37,,,5
wikipedia,Kyle_Walker,Kyle Walker,Manchester City F.C.,Premier League,2024/25,,15,,,0
wikipedia,Matheus_Nunes,Matheus Nunes,Manchester City F.C.,Premier League,2024/25,Midfielder,26,,,1
wikipedia,Nathan_Aké,Nathan Aké,Manchester City F.C.,Premier League,2024/25,,10,,,0
wikipedia,"Nico_González_(footballer,_born_2002)",Nico González,Manchester City F.C.,Premier League,2024/25,Midfielder,11,,,1
wikipedia,Nico_O'Reilly,Nico O'Reilly,Manchester City F.C.,Premier League,2024/25,Midfielder,9,,,2
wikipedia,Omar_Marmoush,Omar Marmoush,Manchester City F.C.,Premier League,2024/25,Forward,16,,,7
wikipedia,Oscar_Bobb,Oscar Bobb,Manchester City F.C.,Premier League,2024/25,Midfielder,3,,,0
wikipedia,Phil_Foden,Phil Foden,Manchester City F.C.,Premier League,2024/25,Midfielder,28,,,7
wikipedia,Rico_Lewis,Rico Lewis,Manchester City F.C.,Premier League,2024/25,Defender,28,,,1
wikipedia,"Rodri_(footballer,_born_1996)",Rodri,Manchester City F.C.,Premier League,2024/25,,3,,,0
wikipedia,Rúben_Dias,Rúben Dias,Manchester City F.C.,Premier League,2024/25,,27,,,0
wikipedia,Savinho,Savinho,Manchester City F.C.,Premier League,2024/25,Forward,29,,,1
wikipedia,Stefan_Ortega,Stefan Ortega,Manchester City F.C.,Premier League,2024/25,,13,,,0
wikipedia,Vitor_Reis,Vitor Reis,Manchester City F.C.,Premier League,2024/25,,1,,,0
wikipedia,İlkay_Gündoğan,İlkay Gündoğan,Manchester City F.C.,Premier League,2024/25,Midfielder,33,,,1
wikipedia,Alejandro_Garnacho,Alejandro Garnacho,Manchester United F.C.,Premier League,2024/25,Forward,36,23,13,6
wikipedia,Altay_Bayındır,Altay Bayındır,Manchester United F.C.,Premier League,2024/25,Goalkeeper,4,4,0,0
wikipedia,Amad_Diallo,Amad Diallo,Manchester United F.C.,Premier League,2024/25,Forward,26,20,6,8
wikipedia,André_Onana,André Onana,Manchester United F.C.,Premier League,2024/25,Goalkeeper,34,34,0,0
wikipedia,"Antony_(footballer,_born_2000)",Antony,Manchester United F.C.,Premier League,2024/25,Forward,8,0,8,0
wikipedia,Ayden_Heaven,Ayden Heaven,Manchester United F.C.,Premier League,2024/25,Defender,4,2,2,0
wikipedia,Bruno_Fernandes,Bruno Fernandes,Manchester United F.C.,Premier League,2024/25,Midfielder,36,35,1,8
wikipedia,Casemiro,Casemiro,Manchester United F.C.,Premier League,2024/25,Midfielder,24,18,6,1
wikipedia,Chido_Obi,Chido Obi,Manchester United F.C.,Premier League,2024/25,Forward,7,1,6,0
wikipedia,Christian_Eriksen,Christian Eriksen,Manchester United F.C.,Premier League,2024/25,Midfielder,23,11,12,1
wikipedia,Diogo_Dalot,Diogo Dalot,Manchester United F.C.,Premier League,2024/25,Defender,33,31,2,0
wikipedia,Harry_Amass,Harry Amass,Manchester United F.C.,Premier League,2024/25,Defender,5,4,1,0
wikipedia,Harry_Maguire,Harry Maguire,Manchester United F.C.,Premier League,2024/25,Defender,27,19,8,1
wikipedia,Jonny_Evans,Jonny Evans,Manchester United F.C.,Premier League,2024/25,Defender,7,3,4,0
wikipedia,Joshua_Zirkzee,Joshua Zirkzee,Manchester United F.C.,Premier League,2024/25,Forward,32,14,18,3
wikipedia,Kobbie_Mainoo,Kobbie Mainoo,Manchester United F.C.,Premier League,2024/25,Midfielder,25,19,6,0
wikipedia,Leny_Yoro,Leny Yoro,Manchester United F.C.,Premier League,2024/25,Defender,21,12,9,0
wikipedia,Lisandro_Martínez,Lisandro Martínez,Manchester United F.C.,Premier League,2024/25,Defender,20,20,0,2
wikipedia,Luke_Shaw,Luke Shaw,Manchester United F.C.,Premier League,2024/25,Defender,7,4,3,0
wikipedia,Manuel_Ugarte_(footballer),Manuel Ugarte,Manchester United F.C.,Premier League,2024/25,Midfielder,29,22,7,1
wikipedia,Marcus_Rashford,Marcus Rashford,Manchester United F.C.,Premier League,2024/25,Forward,15,12,3,4
wikipedia,Mason_Mount,Mason Mount,Manchester United F.C.,Premier League,2024/25,Midfielder,17,8,9,1
wikipedia,Matthijs_de_Ligt,Matthijs de Ligt,Manchester United F.C.,Premier League,2024/25,Defender,29,25,4,2
wikipedia,Noussair_Mazraoui,Noussair Mazraoui,Manchester United F.C.,Premier League,2024/25,Defender,37,34,3,0
wikipedia,Patrick_Dorgu,Patrick Dorgu,Manchester United F.C.,Premier League,2024/25,Defender,12,10,2,0
wikipedia,Rasmus_Højlund,Rasmus Højlund,Manchester United F.C.,Premier League,2024/25,Forward,32,23,9,4
wikipedia,Scott_McTominay,Scott McTominay,Manchester United F.C.,Premier League,2024/25,Midfielder,2,0,2,0
wikipedia,Toby_Collyer,Toby Collyer,Manchester United F.C.,Premier League,2024/25,Midfielder,6,0,6,0
wikipedia,Tyler_Fredricson,Tyler Fredricson,Manchester United F.C.,Premier League,2024/25,Defender,2,2,0,0
wikipedia,Tyrell_Malacia,Tyrell Malacia,Manchester United F.C.,Premier League,2024/25,Defender,3,2,1,0
wikipedia,Victor_Lindelöf,Victor Lindelöf,Manchester United F.C.,Premier League,2024/25,Defender,16,6,10,0
wikipedia,Alexander_Isak,Alexander Isak,Newcastle United F.C.,Premier League,2024/25,Forward,34,34,0,23
wikipedia,Anthony_Gordon_(footballer),Anthony Gordon,Newcastle United F.C.,Premier League,2024/25,Midfielder,34,28,6,6
wikipedia,Bruno_Guimarães,Bruno Guimarães,Newcastle United F.C.,Premier League,2024/25,Midfielder,38,38,0,5
wikipedia,Callum_Wilson,Callum Wilson,Newcastle United F.C.,Premier League,2024/25,Forward,18,2,16,0
wikipedia,Dan_Burn,Dan Burn,Newcastle United F.C.,Premier League,2024/25,Defender,37,37,0,1
wikipedia,Emil_Krafth,Emil Krafth,Newcastle United F.C.,Premier League,2024/25,Defender,12,2,10,0
wikipedia,Fabian_Schär,Fabian Schär,Newcastle United F.C.,Premier League,2024/25,Defender,34,33,1,4
wikipedia,Harvey_Barnes,Harvey Barnes,Newcastle United F.C.,Premier League,2024/25,Midfielder,33,17,16,9
wikipedia,Jacob_Murphy,Jacob Murphy,Newcastle United F.C.,Premier League,2024/25,Midfielder,35,31,4,8
wikipedia,Joe_Willock,Joe Willock,Newcastle United F.C.,Premier League,2024/25,Midfielder,32,11,21,0
wikipedia,Joelinton,Joelinton,Newcastle United F.C.,Premier League,2024/25,Midfielder,29,29,0,4
wikipedia,Kieran_Trippier,Kieran Trippier,Newcastle United F.C.,Premier League,2024/25,Defender,25,14,11,0
wikipedia,Lewis_Hall_(footballer),Lewis Hall,Newcastle United F.C.,Premier League,2024/25,Defender,27,24,3,0
wikipedia,Lewis_Miley,Lewis Miley,Newcastle United F.C.,Premier League,2024/25,Midfielder,14,1,13,1
wikipedia,Lloyd_Kelly,Lloyd Kelly,Newcastle United F.C.,Premier League,2024/25,Defender,10,4,6,0
wikipedia,Martin_Dúbravka,Martin Dúbravka,Newcastle United F.C.,Premier League,2024/25,Goalkeeper,10,10,0,0
wikipedia,Matt_Targett,Matt Targett,Newcastle United F.C.,Premier League,2024/25,Defender,2,0,2,0
wikipedia,Miguel_Almirón,Miguel Almirón,Newcastle United F.C.,Premier League,2024/25,Midfielder,9,1,8,0
wikipedia,Nick_Pope_(footballer),Nick Pope,Newcastle United F.C.,Premier League,2024/25,Goalkeeper,28,28,0,0
wikipedia,Sandro_Tonali,Sandro Tonali,Newcastle United F.C.,Premier League,2024/25,Midfielder,36,28,8,4
wikipedia,Sean_Longstaff,Sean Longstaff,Newcastle United F.C.,Premier League,2024/25,Midfielder,25,8,17,0
wikipedia,Sven_Botman,Sven Botman,Newcastle United F.C.,Premier League,2024/25,Defender,8,6,2,0
wikipedia,Tino_Livramento,Tino Livramento,Newcastle United F.C.,Premier League,2024/25,Defender,37,32,5,0
wikipedia,William_Osula,William Osula,Newcastle United F.C.,Premier League,2024/25,Forward,14,0,14,1
wikipedia,Anthony_Elanga,Anthony Elanga,Nottingham Forest F.C.,Premier League,2024/25,,38,31,7,6
wikipedia,Callum_Hudson-Odoi,Callum Hudson-Odoi,Nottingham Forest F.C.,Premier League,2024/25,,31,25,6,5
wikipedia,"Chris_Wood_(footballer,_born_1991)",Chris Wood,Nottingham Forest F.C.,Premier League,2024/25,,36,35,1,20
wikipedia,"Danilo_(footballer,_born_2001)",Danilo,Nottingham Forest F.C.,Premier League,2024/25,,8,5,3,0
wikipedia,Elliot_Anderson_(footballer),Elliot Anderson,Nottingham Forest F.C.,Premier League,2024/25,,37,33,4,2
wikipedia,Eric_da_Silva_Moreira,Eric da Silva Moreira,Nottingham Forest F.C.,Premier League,2024/25,,2,0,2,0
wikipedia,Harry_Toffolo,Harry Toffolo,Nottingham Forest F.C.,Premier League,2024/25,,4,1,3,0
wikipedia,Ibrahim_Sangaré_(Ivorian_footballer),Ibrahim Sangaré,Nottingham Forest F.C.,Premier League,2024/25,,13,7,6,0
wikipedia,James_Ward-Prowse,James Ward-Prowse,Nottingham Forest F.C.,Premier League,2024/25,,9,5,4,0
wikipedia,Jota_Silva,Jota Silva,Nottingham Forest F.C.,Premier League,2024/25,,31,5,26,3
wikipedia,Matz_Sels,Matz Sels,Nottingham Forest F.C.,Premier League,2024/25,Goalkeeper,38,38,0,0
wikipedia,"Morato_(footballer,_born_2001)",Morato,Nottingham Forest F.C.,Premier League,2024/25,,26,6,20,0
wikipedia,Morgan_Gibbs-White,Morgan Gibbs-White,Nottingham Forest F.C.,Premier League,2024/25,,34,34,0,7
wikipedia,Murillo_(footballer),Murillo,Nottingham Forest F.C.,Premier League,2024/25,,36,36,0,2
wikipedia,Neco_Williams,Neco Williams,Nottingham Forest F.C.,Premier League,2024/25,,35,28,7,1
wikipedia,Nicolás_Domínguez,Nicolás Domínguez,Nottingham Forest F.C.,Premier League,2024/25,,34,23,11,0
wikipedia,Nikola_Milenković,Nikola Milenković,Nottingham Forest F.C.,Premier League,2024/25,,37,37,0,5
wikipedia,Ola_Aina,Ola Aina,Nottingham Forest F.C.,Premier League,2024/25,,35,35,0,2
wikipedia,Ramón_Sosa,Ramón Sosa,Nottingham Forest F.C.,Premier League,2024/25,,19,1,18,1
wikipedia,Ryan_Yates,Ryan Yates,Nottingham Forest F.C.,Premier League,2024/25,,35,18,17,2
wikipedia,Taiwo_Awoniyi,Taiwo Awoniyi,Nottingham Forest F.C.,Premier League,2024/25,,26,3,23,1
wikipedia,Willy_Boly,Willy Boly,Nottingham Forest F.C.,Premier League,2024/25,,6,1,5,0
wikipedia,Àlex_Moreno,Àlex Moreno,Nottingham Forest F.C.,Premier League,2024/25,,15,11,4,0
wikipedia,Aaron_Ramsdale,Aaron Ramsdale,Southampton F.C.,Premier League,2024/25,Goalkeeper,30,30,0,0
wikipedia,Adam_Armstrong_(footballer),Adam Armstrong,Southampton F.C.,Premier League,2024/25,Forward,20,15,5,2
wikipedia,Adam_Lallana,Adam Lallana,Southampton F.C.,Premier League,2024/25,Midfielder,14,5,9,0
wikipedia,Albert_Grønbæk,Albert Grønbæk,Southampton F.C.,Premier League,2024/25,Midfielder,4,2,2,0
wikipedia,Alex_McCarthy,Alex McCarthy,Southampton F.C.,Premier League,2024/25,Goalkeeper,5,5,0,0
wikipedia,Armel_Bella-Kotchap,Armel Bella-Kotchap,Southampton F.C.,Premier League,2024/25,Defender,4,2,2,0
wikipedia,Ben_Brereton_Díaz,Ben Brereton Díaz,Southampton F.C.,Premier League,2024/25,Forward,10,4,6,0
wikipedia,Cameron_Archer,Cameron Archer,Southampton F.C.,Premier League,2024/25,Forward,35,13,22,2
wikipedia,Carlos_Alcaraz_(footballer),Carlos Alcaraz,Southampton F.C.,Premier League,2024/25,Midfielder,1,0,1,0
wikipedia,"Charlie_Taylor_(footballer,_born_1993)",Charlie Taylor,Southampton F.C.,Premier League,2024/25,Defender,8,3,5,0
wikipedia,Flynn_Downes,Flynn Downes,Southampton F.C.,Premier League,2024/25,Midfielder,27,25,2,1
wikipedia,Jack_Stephens_(footballer),Jack Stephens,Southampton F.C.,Premier League,2024/25,Defender,19,17,2,1
wikipedia,James_Bree_(footballer),James Bree,Southampton F.C.,Premier League,2024/25,Defender,17,13,4,0
wikipedia,Jan_Bednarek,Jan Bednarek,Southampton F.C.,Premier League,2024/25,Defender,30,30,0,2
wikipedia,Jay_Robinson_(footballer),Jay Robinson,Southampton F.C.,Premier League,2024/25,Forward,4,1,3,0
wikipedia,Joachim_Kayi_Sanda,Joachim Kayi Sanda,Southampton F.C.,Premier League,2024/25,Defender,2,0,2,0
wikipedia,Joe_Aribo,Joe Aribo,Southampton F.C.,Premier League,2024/25,Midfielder,32,21,11,3
wikipedia,Joe_Lumley,Joe Lumley,Southampton F.C.,Premier League,2024/25,Goalkeeper,3,3,0,0
wikipedia,Kamaldeen_Sulemana,Kamaldeen Sulemana,Southampton F.C.,Premier League,2024/25,Midfielder,26,17,9,1
wikipedia,Kyle_Walker-Peters,Kyle Walker-Peters,Southampton F.C.,Premier League,2024/25,Defender,33,33,0,0
wikipedia,Lesley_Ugochukwu,Lesley Ugochukwu,Southampton F.C.,Premier League,2024/25,Midfielder,26,18,8,1
wikipedia,Mateus_Fernandes_(footballer),Mateus Fernandes,Southampton F.C.,Premier League,2024/25,Midfielder,36,34,2,2
wikipedia,Maxwel_Cornet,Maxwel Cornet,Southampton F.C.,Premier League,2024/25,Midfielder,2,1,1,0
wikipedia,"Nathan_Wood_(footballer,_born_2002)",Nathan Wood,Southampton F.C.,Premier League,2024/25,Defender,11,9,2,0
wikipedia,Paul_Onuachu,Paul Onuachu,Southampton F.C.,Premier League,2024/25,Forward,25,11,14,4
wikipedia,Ronnie_Edwards_(footballer),Ronnie Edwards,Southampton F.C.,Premier League,2024/25,Defender,1,0,1,0
wikipedia,"Ross_Stewart_(footballer,_born_1996)",Ross Stewart,Southampton F.C.,Premier League,2024/25,Forward,12,4,8,1
wikipedia,Ryan_Fraser,Ryan Fraser,Southampton F.C.,Premier League,2024/25,Midfielder,8,4,4,0
wikipedia,Ryan_Manning,Ryan Manning,Southampton F.C.,Premier League,2024/25,Defender,24,18,6,0
wikipedia,Sam_Amo-Ameyaw,Sam Amo-Ameyaw,Southampton F.C.,Premier League,2024/25,Midfielder,2,0,2,0
wikipedia,Samuel_Edozie,Samuel Edozie,Southampton F.C.,Premier League,2024/25,Midfielder,2,0,2,0
wikipedia,Taylor_Harwood-Bellis,Taylor Harwood-Bellis,Southampton F.C.,Premier League,2024/25,Defender,34,32,2,1
wikipedia,Tyler_Dibling,Tyler Dibling,Southampton F.C.,Premier League,2024/25,Midfielder,33,20,13,2
wikipedia,Welington_(footballer),Welington,Southampton F.C.,Premier League,2024/25,Defender,10,6,4,0
wikipedia,Will_Smallbone,Will Smallbone,Southampton F.C.,Premier League,2024/25,Midfielder,18,6,12,1
wikipedia,Yukinari_Sugawara,Yukinari Sugawara,Southampton F.C.,Premier League,2024/25,Defender,30,16,14,1
wikipedia,Alfie_Dorrington,Alfie Dorrington,Tottenham Hotspur F.C.,Premier League,2024/25,Defender,1,0,1,0
wikipedia,"Antonín_Kinský_(footballer,_born_2003)",Antonín Kinský,Tottenham Hotspur F.C.,Premier League,2024/25,Goalkeeper,6,6,0,0
wikipedia,Archie_Gray,Archie Gray,Tottenham Hotspur F.C.,Premier League,2024/25,Midfielder,28,19,9,0
wikipedia,"Ben_Davies_(footballer,_born_1993)",Ben Davies,Tottenham Hotspur F.C.,Premier League,2024/25,Defender,17,14,3,0
wikipedia,Brandon_Austin,Brandon Austin,Tottenham Hotspur F.C.,Premier League,2024/25,Goalkeeper,1,1,0,0
wikipedia,Brennan_Johnson,Brennan Johnson,Tottenham Hotspur F.C.,Premier League,2024/25,Forward,33,24,9,11
wikipedia,Cristian_Romero_(Argentine_footballer),Cristian Romero,Tottenham Hotspur F.C.,Premier League,2024/25,Defender,18,18,0,1
wikipedia,Dane_Scarlett,Dane Scarlett,Tottenham Hotspur F.C.,Premier League,2024/25,Forward,3,0,3,0
wikipedia,Dejan_Kulusevski,Dejan Kulusevski,Tottenham Hotspur F.C.,Premier League,2024/25,Forward,32,27,5,7
wikipedia,Destiny_Udogie,Destiny Udogie,Tottenham Hotspur F.C.,Premier League,2024/25,Defender,25,24,1,0
wikipedia,Djed_Spence,Djed Spence,Tottenham Hotspur F.C.,Premier League,2024/25,Defender,25,19,6,1
wikipedia,Dominic_Solanke,Dominic Solanke,Tottenham Hotspur F.C.,Premier League,2024/25,Forward,27,25,2,9
wikipedia,Fraser_Forster,Fraser Forster,Tottenham Hotspur F.C.,Premier League,2024/25,Goalkeeper,7,7,0,0
wikipedia,Guglielmo_Vicario,Guglielmo Vicario,Tottenham Hotspur F.C.,Premier League,2024/25,Goalkeeper,24,24,0,0
wikipedia,James_Maddison,James Maddison,Tottenham Hotspur F.C.,Premier League,2024/25,Midfielder,32,22,10,9
wikipedia,Kevin_Danso,Kevin Danso,Tottenham Hotspur F.C.,Premier League,2024/25,Defender,11,10,1,0
wikipedia,Lucas_Bergvall,Lucas Bergvall,Tottenham Hotspur F.C.,Premier League,2024/25,Midfielder,27,11,16,0
wikipedia,Mathys_Tel,Mathys Tel,Tottenham Hotspur F.C.,Premier League,2024/25,Forward,13,11,2,2
wikipedia,Micky_van_de_Ven,Micky van de Ven,Tottenham Hotspur F.C.,Premier League,2024/25,Defender,13,12,1,0
wikipedia,Mikey_Moore,Mikey Moore,Tottenham Hotspur F.C.,Premier League,2024/25,Midfielder,10,3,7,0
wikipedia,Pedro_Porro,Pedro Porro,Tottenham Hotspur F.C.,Premier League,2024/25,Defender,33,28,5,2
wikipedia,Richarlison,Richarlison,Tottenham Hotspur F.C.,Premier League,2024/25,Forward,15,4,11,4
wikipedia,Rodrigo_Bentancur,Rodrigo Bentancur,Tottenham Hotspur F.C.,Premier League,2024/25,Midfielder,26,21,5,2
wikipedia,Sergio_Reguilón,Sergio Reguilón,Tottenham Hotspur F.C.,Premier League,2024/25,Defender,4,1,3,0
wikipedia,Son_Heung-min,Son Heung-min,Tottenham Hotspur F.C.,Premier League,2024/25,Forward,30,24,6,7
wikipedia,Timo_Werner,Timo Werner,Tottenham Hotspur F.C.,Premier League,2024/25,Forward,18,4,14,0
wikipedia,Will_Lankshear,Will Lankshear,Tottenham Hotspur F.C.,Premier League,2024/25,Forward,3,0,3,0
wikipedia,Wilson_Odobert,Wilson Odobert,Tottenham Hotspur F.C.,Premier League,2024/25,Forward,16,9,7,1
wikipedia,Yves_Bissouma,Yves Bissouma,Tottenham Hotspur F.C.,Premier League,2024/25,Midfielder,28,16,12,2
wikipedia,Aaron_Cresswell,Aaron Cresswell,West Ham United F.C.,Premier League,2024/25,Defender,18,10,8,0
wikipedia,Aaron_Wan-Bissaka,Aaron Wan-Bissaka,West Ham United F.C.,Premier League,2024/25,Defender,36,35,1,2
wikipedia,Alphonse_Areola,Alphonse Areola,West Ham United F.C.,Premier League,2024/25,Goalkeeper,26,25,1,0
wikipedia,Andy_Irving,Andy Irving,West Ham United F.C.,Premier League,2024/25,Midfielder,10,1,9,0
wikipedia,Carlos_Soler,Carlos Soler,West Ham United F.C.,Premier League,2024/25,Midfielder,31,14,17,1
wikipedia,Crysencio_Summerville,Crysencio Summerville,West Ham United F.C.,Premier League,2024/25,Forward,19,7,12,1
wikipedia,Danny_Ings,Danny Ings,West Ham United F.C.,Premier League,2024/25,Forward,15,1,14,1
wikipedia,Edson_Álvarez,Edson Álvarez,West Ham United F.C.,Premier League,2024/25,Midfielder,28,20,8,0
wikipedia,Emerson_Palmieri,Emerson Palmieri,West Ham United F.C.,Premier League,2024/25,Defender,31,26,5,2
wikipedia,Evan_Ferguson,Evan Ferguson,West Ham United F.C.,Premier League,2024/25,Forward,8,1,7,0
wikipedia,Guido_Rodríguez,Guido Rodríguez,West Ham United F.C.,Premier League,2024/25,Midfielder,23,16,7,0
wikipedia,James_Ward-Prowse,James Ward-Prowse,West Ham United F.C.,Premier League,2024/25,Midfielder,15,12,3,1
wikipedia,Jarrod_Bowen,Jarrod Bowen,West Ham United F.C.,Premier League,2024/25,Forward,34,34,0,13
wikipedia,Jean-Clair_Todibo,Jean-Clair Todibo,West Ham United F.C.,Premier League,2024/25,Defender,27,20,7,0
wikipedia,Kaelan_Casey,Kaelan Casey,West Ham United F.C.,Premier League,2024/25,Defender,1,0,1,0
wikipedia,Konstantinos_Mavropanos,Konstantinos Mavropanos,West Ham United F.C.,Premier League,2024/25,Defender,33,21,12,0
wikipedia,Lewis_Orford_(footballer),Lewis Orford,West Ham United F.C.,Premier League,2024/25,Midfielder,2,0,2,0
wikipedia,Lucas_Paquetá,Lucas Paquetá,West Ham United F.C.,Premier League,2024/25,Midfielder,33,27,6,4
wikipedia,Luis_Guilherme,Luis Guilherme,West Ham United F.C.,Premier League,2024/25,Forward,12,1,11,0
wikipedia,Maximilian_Kilman,Maximilian Kilman,West Ham United F.C.,Premier League,2024/25,Defender,38,38,0,0
wikipedia,Michail_Antonio,Michail Antonio,West Ham United F.C.,Premier League,2024/25,Forward,14,11,3,1
wikipedia,Mohammed_Kudus,Mohammed Kudus,West Ham United F.C.,Premier League,2024/25,Midfielder,32,31,1,5
wikipedia,Niclas_Füllkrug,Niclas Füllkrug,West Ham United F.C.,Premier League,2024/25,Forward,18,6,12,3
wikipedia,Oliver_Scarles,Oliver Scarles,West Ham United F.C.,Premier League,2024/25,Defender,15,7,8,0
wikipedia,Tomáš_Souček,Tomáš Souček,West Ham United F.C.,Premier League,2024/25,Midfielder,35,30,5,9
wikipedia,Vladimír_Coufal,Vladimír Coufal,West Ham United F.C.,Premier League,2024/25,Defender,22,11,11,0
wikipedia,Łukasz_Fabiański,Łukasz Fabiański,West Ham United F.C.,Premier League,2024/25,Goalkeeper,14,13,1,0
wikipedia,Alfie_Pond,Alfie Pond,Wolverhampton Wanderers F.C.,Premier League,2024/25,Defender,1,0,1,0
wikipedia,"André_(footballer,_born_2001)",André,Wolverhampton Wanderers F.C.,Premier League,2024/25,Midfielder,33,31,2,0
wikipedia,"Boubacar_Traoré_(footballer,_born_2001)",Boubacar Traoré,Wolverhampton Wanderers F.C.,Premier League,2024/25,Midfielder,1,0,1,0
wikipedia,Carlos_Forbs,Carlos Forbs,Wolverhampton Wanderers F.C.,Premier League,2024/25,Forward,10,1,9,0
wikipedia,"Chiquinho_(footballer,_born_2000)",Chiquinho,Wolverhampton Wanderers F.C.,Premier League,2024/25,Forward,1,0,1,0
wikipedia,Craig_Dawson,Craig Dawson,Wolverhampton Wanderers F.C.,Premier League,2024/25,Defender,15,10,5,0
wikipedia,Dan_Bentley_(footballer),Dan Bentley,Wolverhampton Wanderers F.C.,Premier League,2024/25,Goalkeeper,2,2,0,0
wikipedia,Daniel_Podence,Daniel Podence,Wolverhampton Wanderers F.C.,Premier League,2024/25,Forward,2,0,2,0
wikipedia,Emmanuel_Agbadou,Emmanuel Agbadou,Wolverhampton Wanderers F.C.,Premier League,2024/25,Defender,16,16,0,1
wikipedia,Gonçalo_Guedes,Gonçalo Guedes,Wolverhampton Wanderers F.C.,Premier League,2024/25,Forward,29,10,19,2
wikipedia,Hwang_Hee-chan,Hwang Hee-chan,Wolverhampton Wanderers F.C.,Premier League,2024/25,Forward,22,5,17,2
wikipedia,Jean‐Ricner_Bellegarde,Jean‐Ricner Bellegarde,Wolverhampton Wanderers F.C.,Premier League,2024/25,Midfielder,35,20,15,2
wikipedia,José_Sá,José Sá,Wolverhampton Wanderers F.C.,Premier League,2024/25,Goalkeeper,29,29,0,0
wikipedia,"João_Gomes_(footballer,_born_2001)",João Gomes,Wolverhampton Wanderers F.C.,Premier League,2024/25,Midfielder,36,35,1,3
wikipedia,Jørgen_Strand_Larsen,Jørgen Strand Larsen,Wolverhampton Wanderers F.C.,Premier League,2024/25,Forward,35,30,5,14
wikipedia,Mario_Lemina,Mario Lemina,Wolverhampton Wanderers F.C.,Premier League,2024/25,Midfielder,17,15,2,1
wikipedia,Marshall_Munetsi,Marshall Munetsi,Wolverhampton Wanderers F.C.,Premier League,2024/25,Midfielder,14,12,2,2
wikipedia,Mateus_Mané,Mateus Mané,Wolverhampton Wanderers F.C.,Premier League,2024/25,Forward,1,0,1,0
wikipedia,Matheus_Cunha,Matheus Cunha,Wolverhampton Wanderers F.C.,Premier League,2024/25,Forward,33,29,4,15
wikipedia,"Matt_Doherty_(footballer,_born_1992)",Matt Doherty,Wolverhampton Wanderers F.C.,Premier League,2024/25,Defender,30,25,5,2
wikipedia,Nasser_Djiga,Nasser Djiga,Wolverhampton Wanderers F.C.,Premier League,2024/25,Defender,5,1,4,0
wikipedia,Nélson_Semedo,Nélson Semedo,Wolverhampton Wanderers F.C.,Premier League,2024/25,Defender,34,32,2,0
wikipedia,Pablo_Sarabia,Pablo Sarabia,Wolverhampton Wanderers F.C.,Premier League,2024/25,Forward,22,7,15,3
wikipedia,"Pedro_Lima_(footballer,_born_2006)",Pedro Lima,Wolverhampton Wanderers F.C.,Premier League,2024/25,Defender,3,1,2,0
wikipedia,Rayan_Aït-Nouri,Rayan Aït-Nouri,Wolverhampton Wanderers F.C.,Premier League,2024/25,Defender,37,37,0,4
wikipedia,Rodrigo_Gomes,Rodrigo Gomes,Wolverhampton Wanderers F.C.,Premier League,2024/25,Forward,25,7,18,2
wikipedia,Sam_Johnstone,Sam Johnstone,Wolverhampton Wanderers F.C.,Premier League,2024/25,Goalkeeper,7,7,0,0
wikipedia,Santiago_Bueno,Santiago Bueno,Wolverhampton Wanderers F.C.,Premier League,2024/25,Defender,29,18,11,0
wikipedia,"Tom_King_(footballer,_born_1995)",Tom King,Wolverhampton Wanderers F.C.,Premier League,2024/25,Goalkeeper,1,0,1,0
wikipedia,"Tommy_Doyle_(footballer,_born_2001)",Tommy Doyle,Wolverhampton Wanderers F.C.,Premier League,2024/25,Midfielder,24,3,21,0
wikipedia,Toti_Gomes,Toti Gomes,Wolverhampton Wanderers F.C.,Premier League,2024/25,Defender,30,29,1,0
wikipedia,Yerson_Mosquera,Yerson Mosquera,Wolverhampton Wanderers F.C.,Premier League,2024/25,Defender,5,5,0,0
wikipedia,"Adam_Smith_(footballer,_born_1991)",Adam Smith,AFC Bournemouth,Premier League,2025/26,Defender,22,14,8,0
wikipedia,Adrien_Truffert,Adrien Truffert,AFC Bournemouth,Premier League,2025/26,Defender,38,38,0,1
wikipedia,"Alex_Scott_(footballer,_born_2003)",Alex Scott,AFC Bournemouth,Premier League,2025/26,Midfielder,37,34,3,3
wikipedia,Alex_Tóth,Alex Tóth,AFC Bournemouth,Premier League,2025/26,Midfielder,9,2,7,0
wikipedia,Amine_Adli,Amine Adli,AFC Bournemouth,Premier League,2025/26,Midfielder,31,10,21,3
wikipedia,Antoine_Semenyo,Antoine Semenyo,AFC Bournemouth,Premier League,2025/26,Forward,20,20,0,10
wikipedia,Bafodé_Diakité,Bafodé Diakité,AFC Bournemouth,Premier League,2025/26,Defender,18,15,3,0
wikipedia,Ben_Gannon-Doak,Ben Gannon-Doak,AFC Bournemouth,Premier League,2025/26,Forward,8,0,8,0
wikipedia,Ben_Winterburn,Ben Winterburn,AFC Bournemouth,Premier League,2025/26,Midfielder,1,0,1,0
wikipedia,David_Brooks_(footballer),David Brooks,AFC Bournemouth,Premier League,2025/26,Midfielder,31,13,18,1
wikipedia,Eli_Junior_Kroupi,Eli Junior Kroupi,AFC Bournemouth,Premier League,2025/26,Forward,33,21,12,13
wikipedia,Enes_Ünal,Enes Ünal,AFC Bournemouth,Premier League,2025/26,Forward,22,0,22,1
wikipedia,"Evanilson_(footballer,_born_1999)",Evanilson,AFC Bournemouth,Premier League,2025/26,Forward,36,32,4,6
wikipedia,Hamed_Traorè,Hamed Traorè,AFC Bournemouth,Premier League,2025/26,Midfielder,1,0,1,0
wikipedia,"James_Hill_(footballer,_born_2002)",James Hill,AFC Bournemouth,Premier League,2025/26,Defender,29,22,7,0
wikipedia,Julio_Soler,Julio Soler,AFC Bournemouth,Premier League,2025/26,Defender,3,0,3,0
wikipedia,Justin_Kluivert,Justin Kluivert,AFC Bournemouth,Premier League,2025/26,Forward,20,10,10,2
wikipedia,"Lewis_Cook_(footballer,_born_1997)",Lewis Cook,AFC Bournemouth,Premier League,2025/26,Midfielder,18,8,10,0
wikipedia,Marcos_Senesi,Marcos Senesi,AFC Bournemouth,Premier League,2025/26,Defender,37,37,0,0
wikipedia,Marcus_Tavernier,Marcus Tavernier,AFC Bournemouth,Premier League,2025/26,Midfielder,34,31,3,7
wikipedia,"Rayan_(footballer,_born_2006)",Rayan,AFC Bournemouth,Premier League,2025/26,Forward,15,13,2,5
wikipedia,Ryan_Christie,Ryan Christie,AFC Bournemouth,Premier League,2025/26,Midfielder,26,9,17,2
wikipedia,Tyler_Adams,Tyler Adams,AFC Bournemouth,Premier League,2025/26,Midfielder,25,21,4,2
wikipedia,Veljko_Milosavljević,Veljko Milosavljević,AFC Bournemouth,Premier League,2025/26,Defender,7,4,3,0
wikipedia,"Álex_Jiménez_(footballer,_born_2005)",Álex Jiménez,AFC Bournemouth,Premier League,2025/26,Defender,31,26,5,1
wikipedia,Đorđe_Petrović_(footballer),Đorđe Petrović,AFC Bournemouth,Premier League,2025/26,Goalkeeper,38,38,0,0
wikipedia,Bukayo_Saka,Bukayo Saka,Arsenal F.C.,Premier League,2025/26,Forward,31,25,6,7
wikipedia,Christian_Nørgaard,Christian Nørgaard,Arsenal F.C.,Premier League,2025/26,Midfielder,7,1,6,0
wikipedia,Cristhian_Mosquera,Cristhian Mosquera,Arsenal F.C.,Premier League,2025/26,Defender,20,9,11,0
wikipedia,David_Raya,David Raya,Arsenal F.C.,Premier League,2025/26,Goalkeeper,37,37,0,0
wikipedia,Declan_Rice,Declan Rice,Arsenal F.C.,Premier League,2025/26,Midfielder,36,35,1,4
wikipedia,Eberechi_Eze,Eberechi Eze,Arsenal F.C.,Premier League,2025/26,Forward,32,21,11,7
wikipedia,Ethan_Nwaneri,Ethan Nwaneri,Arsenal F.C.,Premier League,2025/26,Midfielder,6,0,6,0
wikipedia,Gabriel_Jesus,Gabriel Jesus,Arsenal F.C.,Premier League,2025/26,Forward,14,3,11,3
wikipedia,Gabriel_Magalhães,Gabriel Magalhães,Arsenal F.C.,Premier League,2025/26,Defender,32,30,2,3
wikipedia,Gabriel_Martinelli,Gabriel Martinelli,Arsenal F.C.,Premier League,2025/26,Forward,30,11,19,1
wikipedia,Jurriën_Timber,Jurriën Timber,Arsenal F.C.,Premier League,2025/26,Defender,30,28,2,3
wikipedia,Kai_Havertz,Kai Havertz,Arsenal F.C.,Premier League,2025/26,Forward,12,7,5,2
wikipedia,Kepa_Arrizabalaga,Kepa Arrizabalaga,Arsenal F.C.,Premier League,2025/26,Goalkeeper,1,1,0,0
wikipedia,Leandro_Trossard,Leandro Trossard,Arsenal F.C.,Premier League,2025/26,Forward,31,21,10,6
wikipedia,Martin_Ødegaard,Martin Ødegaard,Arsenal F.C.,Premier League,2025/26,Midfielder,24,16,8,1
wikipedia,Martín_Zubimendi,Martín Zubimendi,Arsenal F.C.,Premier League,2025/26,Midfielder,38,34,4,5
wikipedia,Max_Dowman,Max Dowman,Arsenal F.C.,Premier League,2025/26,Midfielder,6,1,5,1
wikipedia,Mikel_Merino,Mikel Merino,Arsenal F.C.,Premier League,2025/26,Midfielder,22,10,12,4
wikipedia,Myles_Lewis-Skelly,Myles Lewis-Skelly,Arsenal F.C.,Premier League,2025/26,Midfielder,20,5,15,0
wikipedia,Noni_Madueke,Noni Madueke,Arsenal F.C.,Premier League,2025/26,Forward,26,16,10,3
wikipedia,Piero_Hincapié,Piero Hincapié,Arsenal F.C.,Premier League,2025/26,Defender,25,20,5,1
wikipedia,Riccardo_Calafiori,Riccardo Calafiori,Arsenal F.C.,Premier League,2025/26,Defender,26,22,4,1
wikipedia,Viktor_Gyökeres,Viktor Gyökeres,Arsenal F.C.,Premier League,2025/26,Forward,36,26,10,14
wikipedia,William_Saliba,William Saliba,Arsenal F.C.,Premier League,2025/26,Defender,31,30,1,1
wikipedia,"Alysson_(footballer,_born_2006)",Alysson,Aston Villa F.C.,Premier League,2025/26,Forward,3,0,3,0
wikipedia,Amadou_Onana,Amadou Onana,Aston Villa F.C.,Premier League,2025/26,Midfielder,25,21,4,2
wikipedia,"Andrés_García_(footballer,_born_2003)",Andrés García,Aston Villa F.C.,Premier League,2025/26,Defender,6,1,5,0
wikipedia,Boubacar_Kamara,Boubacar Kamara,Aston Villa F.C.,Premier League,2025/26,Midfielder,18,17,1,1
wikipedia,Bradley_Burrowes,Bradley Burrowes,Aston Villa F.C.,Premier League,2025/26,Midfielder,1,0,1,0
wikipedia,Donyell_Malen,Donyell Malen,Aston Villa F.C.,Premier League,2025/26,Forward,21,5,16,4
wikipedia,Douglas_Luiz,Douglas Luiz,Aston Villa F.C.,Premier League,2025/26,Midfielder,13,7,6,1
wikipedia,Emiliano_Buendía,Emiliano Buendía,Aston Villa F.C.,Premier League,2025/26,Midfielder,36,21,15,6
wikipedia,Emiliano_Martínez,Emiliano Martínez,Aston Villa F.C.,Premier League,2025/26,Goalkeeper,32,32,0,0
wikipedia,Evann_Guessand,Evann Guessand,Aston Villa F.C.,Premier League,2025/26,Forward,13,6,7,0
wikipedia,Ezri_Konsa,Ezri Konsa,Aston Villa F.C.,Premier League,2025/26,Defender,34,34,0,0
wikipedia,George_Hemmings,George Hemmings,Aston Villa F.C.,Premier League,2025/26,Midfielder,2,0,2,0
wikipedia,Harvey_Elliott,Harvey Elliott,Aston Villa F.C.,Premier League,2025/26,Midfielder,4,1,3,0
wikipedia,Ian_Maatsen,Ian Maatsen,Aston Villa F.C.,Premier League,2025/26,Defender,30,17,13,0
wikipedia,Jadon_Sancho,Jadon Sancho,Aston Villa F.C.,Premier League,2025/26,Forward,23,9,14,0
wikipedia,Jamaldeen_Jimoh-Aloba,Jamaldeen Jimoh-Aloba,Aston Villa F.C.,Premier League,2025/26,Midfielder,1,0,1,0
wikipedia,John_McGinn,John McGinn,Aston Villa F.C.,Premier League,2025/26,Midfielder,30,28,2,5
wikipedia,Lamare_Bogarde,Lamare Bogarde,Aston Villa F.C.,Premier League,2025/26,Midfielder,28,11,17,0
wikipedia,Leon_Bailey,Leon Bailey,Aston Villa F.C.,Premier League,2025/26,Forward,13,3,10,0
wikipedia,Lucas_Digne,Lucas Digne,Aston Villa F.C.,Premier League,2025/26,Defender,31,21,10,0
wikipedia,Marco_Bizot,Marco Bizot,Aston Villa F.C.,Premier League,2025/26,Goalkeeper,7,6,1,0
wikipedia,Matty_Cash,Matty Cash,Aston Villa F.C.,Premier League,2025/26,Defender,35,34,1,3
wikipedia,Morgan_Rogers,Morgan Rogers,Aston Villa F.C.,Premier League,2025/26,Midfielder,37,37,0,10
wikipedia,Ollie_Watkins,Ollie Watkins,Aston Villa F.C.,Premier League,2025/26,Forward,37,33,4,16
wikipedia,Pau_Torres,Pau Torres,Aston Villa F.C.,Premier League,2025/26,Defender,21,18,3,0
wikipedia,Ross_Barkley,Ross Barkley,Aston Villa F.C.,Premier League,2025/26,Midfielder,21,7,14,3
wikipedia,Tammy_Abraham,Tammy Abraham,Aston Villa F.C.,Premier League,2025/26,Forward,12,2,10,2
wikipedia,Tyrone_Mings,Tyrone Mings,Aston Villa F.C.,Premier League,2025/26,Defender,17,15,2,0
wikipedia,Victor_Lindelöf,Victor Lindelöf,Aston Villa F.C.,Premier League,2025/26,Defender,17,11,6,0
wikipedia,Youri_Tielemans,Youri Tielemans,Aston Villa F.C.,Premier League,2025/26,Midfielder,25,21,4,0
wikipedia,Aaron_Hickey,Aaron Hickey,Brentford F.C.,Premier League,2025/26,Defender,21,8,13,0
wikipedia,Antoni_Milambo,Antoni Milambo,Brentford F.C.,Premier League,2025/26,Midfielder,1,1,0,0
wikipedia,Caoimhín_Kelleher,Caoimhín Kelleher,Brentford F.C.,Premier League,2025/26,Goalkeeper,37,37,0,0
wikipedia,Dango_Ouattara,Dango Ouattara,Brentford F.C.,Premier League,2025/26,Forward,32,25,7,7
wikipedia,Ethan_Pinnock,Ethan Pinnock,Brentford F.C.,Premier League,2025/26,Defender,4,4,0,0
wikipedia,Frank_Onyeka,Frank Onyeka,Brentford F.C.,Premier League,2025/26,Midfielder,6,0,6,0
wikipedia,"Fábio_Carvalho_(footballer,_born_2002)",Fábio Carvalho,Brentford F.C.,Premier League,2025/26,Midfielder,6,1,5,1
wikipedia,Hákon_Valdimarsson,Hákon Valdimarsson,Brentford F.C.,Premier League,2025/26,Goalkeeper,1,1,0,0
wikipedia,Igor_Thiago,Igor Thiago,Brentford F.C.,Premier League,2025/26,Forward,38,37,1,22
wikipedia,Jordan_Henderson,Jordan Henderson,Brentford F.C.,Premier League,2025/26,Midfielder,32,22,10,1
wikipedia,Josh_Dasilva,Josh Dasilva,Brentford F.C.,Premier League,2025/26,Midfielder,2,0,2,0
wikipedia,Kaye_Furo,Kaye Furo,Brentford F.C.,Premier League,2025/26,Forward,1,0,1,0
wikipedia,Keane_Lewis-Potter,Keane Lewis-Potter,Brentford F.C.,Premier League,2025/26,Defender,36,22,14,3
wikipedia,Kristoffer_Ajer,Kristoffer Ajer,Brentford F.C.,Premier League,2025/26,Defender,27,20,7,0
wikipedia,Mathias_Jensen,Mathias Jensen,Brentford F.C.,Premier League,2025/26,Midfielder,36,26,10,3
wikipedia,Michael_Kayode,Michael Kayode,Brentford F.C.,Premier League,2025/26,Defender,36,36,0,1
wikipedia,Mikkel_Damsgaard,Mikkel Damsgaard,Brentford F.C.,Premier League,2025/26,Midfielder,33,23,10,4
wikipedia,Myles_Peart-Harris,Myles Peart-Harris,Brentford F.C.,Premier League,2025/26,Midfielder,1,0,1,0
wikipedia,Nathan_Collins,Nathan Collins,Brentford F.C.,Premier League,2025/26,Defender,35,32,3,1
wikipedia,Reiss_Nelson,Reiss Nelson,Brentford F.C.,Premier League,2025/26,Forward,10,0,10,0
wikipedia,Rico_Henry,Rico Henry,Brentford F.C.,Premier League,2025/26,Defender,25,14,11,0
wikipedia,Romelle_Donovan,Romelle Donovan,Brentford F.C.,Premier League,2025/26,Forward,4,0,4,0
wikipedia,Sepp_van_den_Berg,Sepp van den Berg,Brentford F.C.,Premier League,2025/26,Defender,32,30,2,0
wikipedia,Vitaly_Janelt,Vitaly Janelt,Brentford F.C.,Premier League,2025/26,Midfielder,25,15,10,1
wikipedia,Yehor_Yarmolyuk,Yehor Yarmolyuk,Brentford F.C.,Premier League,2025/26,Midfielder,37,30,7,1
wikipedia,Bart_Verbruggen,Bart Verbruggen,Brighton & Hove Albion F.C.,Premier League,2025/26,Goalkeeper,38,38,0,0
wikipedia,Brajan_Gruda,Brajan Gruda,Brighton & Hove Albion F.C.,Premier League,2025/26,Midfielder,19,8,11,1
wikipedia,Carlos_Baleba,Carlos Baleba,Brighton & Hove Albion F.C.,Premier League,2025/26,Midfielder,31,23,8,0
wikipedia,Charalampos_Kostoulas,Charalampos Kostoulas,Brighton & Hove Albion F.C.,Premier League,2025/26,Forward,21,2,19,2
wikipedia,Danny_Welbeck,Danny Welbeck,Brighton & Hove Albion F.C.,Premier League,2025/26,Forward,37,26,11,13
wikipedia,Diego_Coppola,Diego Coppola,Brighton & Hove Albion F.C.,Premier League,2025/26,Defender,5,2,3,0
wikipedia,Diego_Gómez_(Paraguayan_footballer),Diego Gómez,Brighton & Hove Albion F.C.,Premier League,2025/26,Midfielder,32,26,6,5
wikipedia,Ferdi_Kadıoğlu,Ferdi Kadıoğlu,Brighton & Hove Albion F.C.,Premier League,2025/26,Defender,37,34,3,1
wikipedia,Georginio_Rutter,Georginio Rutter,Brighton & Hove Albion F.C.,Premier League,2025/26,Forward,32,20,12,3
wikipedia,Harry_Howell_(footballer),Harry Howell,Brighton & Hove Albion F.C.,Premier League,2025/26,Midfielder,3,1,2,0
wikipedia,Jack_Hinshelwood,Jack Hinshelwood,Brighton & Hove Albion F.C.,Premier League,2025/26,Midfielder,27,20,7,4
wikipedia,James_Milner,James Milner,Brighton & Hove Albion F.C.,Premier League,2025/26,Midfielder,20,7,13,1
wikipedia,Jan_Paul_van_Hecke,Jan Paul van Hecke,Brighton & Hove Albion F.C.,Premier League,2025/26,Defender,36,36,0,3
wikipedia,Joël_Veltman,Joël Veltman,Brighton & Hove Albion F.C.,Premier League,2025/26,Defender,24,9,15,1
wikipedia,Kaoru_Mitoma,Kaoru Mitoma,Brighton & Hove Albion F.C.,Premier League,2025/26,Midfielder,24,18,6,3
wikipedia,Lewis_Dunk,Lewis Dunk,Brighton & Hove Albion F.C.,Premier League,2025/26,Defender,33,31,2,1
wikipedia,Mats_Wieffer,Mats Wieffer,Brighton & Hove Albion F.C.,Premier League,2025/26,Midfielder,26,23,3,2
wikipedia,Matt_O'Riley,Matt O'Riley,Brighton & Hove Albion F.C.,Premier League,2025/26,Midfielder,6,2,4,1
wikipedia,Maxim_De_Cuyper,Maxim De Cuyper,Brighton & Hove Albion F.C.,Premier League,2025/26,Defender,30,17,13,2
wikipedia,Nehemiah_Oriola,Nehemiah Oriola,Brighton & Hove Albion F.C.,Premier League,2025/26,Midfielder,1,0,1,0
wikipedia,Olivier_Boscagli,Olivier Boscagli,Brighton & Hove Albion F.C.,Premier League,2025/26,Defender,12,9,3,0
wikipedia,Pascal_Groß,Pascal Groß,Brighton & Hove Albion F.C.,Premier League,2025/26,Midfielder,19,18,1,1
wikipedia,Solly_March,Solly March,Brighton & Hove Albion F.C.,Premier League,2025/26,Midfielder,4,0,4,0
wikipedia,Stefanos_Tzimas,Stefanos Tzimas,Brighton & Hove Albion F.C.,Premier League,2025/26,Forward,9,1,8,1
wikipedia,"Tom_Watson_(footballer,_born_2006)",Tom Watson,Brighton & Hove Albion F.C.,Premier League,2025/26,Midfielder,6,0,6,0
wikipedia,Yankuba_Minteh,Yankuba Minteh,Brighton & Hove Albion F.C.,Premier League,2025/26,Midfielder,34,26,8,3
wikipedia,Yasin_Ayari,Yasin Ayari,Brighton & Hove Albion F.C.,Premier League,2025/26,Midfielder,29,20,9,3
wikipedia,Armando_Broja,Armando Broja,Burnley F.C.,Premier League,2025/26,Forward,24,8,16,1
wikipedia,Ashley_Barnes,Ashley Barnes,Burnley F.C.,Premier League,2025/26,Forward,7,0,7,0
wikipedia,Axel_Tuanzebe,Axel Tuanzebe,Burnley F.C.,Premier League,2025/26,Defender,14,14,0,1
wikipedia,Bashir_Humphreys,Bashir Humphreys,Burnley F.C.,Premier League,2025/26,Defender,20,17,3,0
wikipedia,Florentino_Luís,Florentino Luís,Burnley F.C.,Premier League,2025/26,Midfielder,31,25,6,0
wikipedia,Hannibal_Mejbri,Hannibal Mejbri,Burnley F.C.,Premier League,2025/26,Midfielder,27,15,12,1
wikipedia,Hjalmar_Ekdal,Hjalmar Ekdal,Burnley F.C.,Premier League,2025/26,Defender,19,17,2,0
wikipedia,Jacob_Bruun_Larsen,Jacob Bruun Larsen,Burnley F.C.,Premier League,2025/26,Forward,28,10,18,0
wikipedia,Jaidon_Anthony,Jaidon Anthony,Burnley F.C.,Premier League,2025/26,Forward,37,32,5,8
wikipedia,James_Ward-Prowse,James Ward-Prowse,Burnley F.C.,Premier League,2025/26,Midfielder,13,7,6,0
wikipedia,Jaydon_Banel,Jaydon Banel,Burnley F.C.,Premier League,2025/26,Forward,1,0,1,0
wikipedia,Joe_Worrall_(footballer),Joe Worrall,Burnley F.C.,Premier League,2025/26,Defender,11,5,6,0
wikipedia,Josh_Cullen_(footballer),Josh Cullen,Burnley F.C.,Premier League,2025/26,Midfielder,18,18,0,2
wikipedia,Josh_Laurent,Josh Laurent,Burnley F.C.,Premier League,2025/26,Midfielder,33,18,15,1
wikipedia,Kyle_Walker,Kyle Walker,Burnley F.C.,Premier League,2025/26,Defender,36,35,1,0
wikipedia,Lesley_Ugochukwu,Lesley Ugochukwu,Burnley F.C.,Premier League,2025/26,Midfielder,35,27,8,3
wikipedia,Loum_Tchaouna,Loum Tchaouna,Burnley F.C.,Premier League,2025/26,Forward,29,14,15,2
wikipedia,Lucas_Pires_(footballer),Lucas Pires,Burnley F.C.,Premier League,2025/26,Defender,20,15,5,0
wikipedia,Lyle_Foster,Lyle Foster,Burnley F.C.,Premier League,2025/26,Forward,26,15,11,3
wikipedia,Marcus_Edwards,Marcus Edwards,Burnley F.C.,Premier League,2025/26,Forward,23,11,12,1
wikipedia,Martin_Dúbravka,Martin Dúbravka,Burnley F.C.,Premier League,2025/26,Goalkeeper,35,35,0,0
wikipedia,Max_Weiß_(footballer),Max Weiß,Burnley F.C.,Premier League,2025/26,Goalkeeper,3,3,0,0
wikipedia,Maxime_Estève,Maxime Estève,Burnley F.C.,Premier League,2025/26,Defender,34,34,0,0
wikipedia,Mike_Trésor,Mike Trésor,Burnley F.C.,Premier League,2025/26,Midfielder,6,0,6,0
wikipedia,Oliver_Sonne,Oliver Sonne,Burnley F.C.,Premier League,2025/26,Defender,7,1,6,1
wikipedia,Quilindschy_Hartman,Quilindschy Hartman,Burnley F.C.,Premier League,2025/26,Defender,21,21,0,0
wikipedia,Zeki_Amdouni,Zeki Amdouni,Burnley F.C.,Premier League,2025/26,Forward,4,0,4,0
wikipedia,Zian_Flemming,Zian Flemming,Burnley F.C.,Premier League,2025/26,Forward,29,21,8,11
wikipedia,Alejandro_Garnacho,Alejandro Garnacho,Chelsea F.C.,Premier League,2025/26,Forward,24,14,10,1
wikipedia,Andrey_Santos,Andrey Santos,Chelsea F.C.,Premier League,2025/26,Midfielder,27,13,14,1
wikipedia,Benoît_Badiashile,Benoît Badiashile,Chelsea F.C.,Premier League,2025/26,Defender,9,7,2,0
wikipedia,Cole_Palmer,Cole Palmer,Chelsea F.C.,Premier League,2025/26,Midfielder,26,24,2,10
wikipedia,Dário_Essugo,Dário Essugo,Chelsea F.C.,Premier League,2025/26,Midfielder,3,0,3,0
wikipedia,Enzo_Fernández,Enzo Fernández,Chelsea F.C.,Premier League,2025/26,Midfielder,36,35,1,10
wikipedia,Estêvão_Willian,Estêvão,Chelsea F.C.,Premier League,2025/26,Forward,22,12,10,2
wikipedia,Facundo_Buonanotte,Facundo Buonanotte,Chelsea F.C.,Premier League,2025/26,Midfielder,1,1,0,0
wikipedia,Filip_Jörgensen,Filip Jörgensen,Chelsea F.C.,Premier League,2025/26,Goalkeeper,5,3,2,0
wikipedia,Jamie_Gittens,Jamie Gittens,Chelsea F.C.,Premier League,2025/26,Forward,16,5,11,0
wikipedia,Jesse_Derry,Jesse Derry,Chelsea F.C.,Premier League,2025/26,Forward,1,1,0,0
wikipedia,Jorrel_Hato,Jorrel Hato,Chelsea F.C.,Premier League,2025/26,Defender,22,12,10,0
wikipedia,Josh_Acheampong,Josh Acheampong,Chelsea F.C.,Premier League,2025/26,Defender,17,8,9,1
wikipedia,"João_Pedro_(footballer,_born_2001)",João Pedro,Chelsea F.C.,Premier League,2025/26,Forward,35,31,4,15
wikipedia,Levi_Colwill,Levi Colwill,Chelsea F.C.,Premier League,2025/26,Defender,3,2,1,0
wikipedia,Liam_Delap,Liam Delap,Chelsea F.C.,Premier League,2025/26,Forward,28,12,16,1
wikipedia,Malo_Gusto,Malo Gusto,Chelsea F.C.,Premier League,2025/26,Defender,34,26,8,2
wikipedia,Mamadou_Sarr,Mamadou Sarr,Chelsea F.C.,Premier League,2025/26,Defender,3,1,2,0
wikipedia,Marc_Cucurella,Marc Cucurella,Chelsea F.C.,Premier League,2025/26,Defender,34,31,3,1
wikipedia,Marc_Guiu,Marc Guiu,Chelsea F.C.,Premier League,2025/26,Forward,8,1,7,0
wikipedia,Moisés_Caicedo,Moisés Caicedo,Chelsea F.C.,Premier League,2025/26,Midfielder,33,32,1,3
wikipedia,Pedro_Neto,Pedro Neto,Chelsea F.C.,Premier League,2025/26,Forward,34,30,4,5
wikipedia,Reece_James,Reece James,Chelsea F.C.,Premier League,2025/26,Defender,29,20,9,2
wikipedia,Robert_Sánchez,Robert Sánchez,Chelsea F.C.,Premier League,2025/26,Goalkeeper,35,35,0,0
wikipedia,Roméo_Lavia,Roméo Lavia,Chelsea F.C.,Premier League,2025/26,Midfielder,12,4,8,0
wikipedia,Shim_Mheuka,Shim Mheuka,Chelsea F.C.,Premier League,2025/26,Forward,1,0,1,0
wikipedia,Tosin_Adarabioyo,Tosin Adarabioyo,Chelsea F.C.,Premier League,2025/26,Defender,15,7,8,0
wikipedia,Trevoh_Chalobah,Trevoh Chalobah,Chelsea F.C.,Premier League,2025/26,Defender,34,31,3,3
wikipedia,Tyrique_George,Tyrique George,Chelsea F.C.,Premier League,2025/26,Forward,4,0,4,0
wikipedia,Wesley_Fofana_(footballer),Wesley Fofana,Chelsea F.C.,Premier League,2025/26,Defender,25,20,5,0
wikipedia,Adam_Wharton,Adam Wharton,Crystal Palace F.C.,Premier League,2025/26,Midfielder,34,29,5,1
wikipedia,Borna_Sosa,Borna Sosa,Crystal Palace F.C.,Premier League,2025/26,Defender,7,0,7,0
wikipedia,Brennan_Johnson,Brennan Johnson,Crystal Palace F.C.,Premier League,2025/26,Forward,18,13,5,0
wikipedia,Chadi_Riad,Chadi Riad,Crystal Palace F.C.,Premier League,2025/26,Defender,9,6,3,0
wikipedia,Chris_Richards_(soccer),Chris Richards,Crystal Palace F.C.,Premier League,2025/26,Defender,33,31,2,1
wikipedia,Christantus_Uche,Christantus Uche,Crystal Palace F.C.,Premier League,2025/26,Forward,14,0,14,0
wikipedia,Daichi_Kamada,Daichi Kamada,Crystal Palace F.C.,Premier League,2025/26,Midfielder,28,22,6,0
wikipedia,Daniel_Muñoz_(footballer),Daniel Muñoz,Crystal Palace F.C.,Premier League,2025/26,Defender,29,29,0,4
wikipedia,Dean_Henderson,Dean Henderson,Crystal Palace F.C.,Premier League,2025/26,Goalkeeper,37,37,0,0
wikipedia,Eberechi_Eze,Eberechi Eze,Crystal Palace F.C.,Premier League,2025/26,Forward,1,1,0,0
wikipedia,Eddie_Nketiah,Eddie Nketiah,Crystal Palace F.C.,Premier League,2025/26,Forward,12,2,10,2
wikipedia,Evann_Guessand,Evann Guessand,Crystal Palace F.C.,Premier League,2025/26,Forward,8,3,5,1
wikipedia,Ismaïla_Sarr,Ismaïla Sarr,Crystal Palace F.C.,Premier League,2025/26,Forward,28,24,4,9
wikipedia,Jaydee_Canvot,Jaydee Canvot,Crystal Palace F.C.,Premier League,2025/26,Defender,20,14,6,0
wikipedia,Jean-Philippe_Mateta,Jean-Philippe Mateta,Crystal Palace F.C.,Premier League,2025/26,Forward,32,25,7,12
wikipedia,Jefferson_Lerma,Jefferson Lerma,Crystal Palace F.C.,Premier League,2025/26,Midfielder,31,18,13,0
wikipedia,Joél_Drakes-Thomas,Joél Drakes-Thomas,Crystal Palace F.C.,Premier League,2025/26,Defender,2,0,2,0
wikipedia,Justin_Devenny,Justin Devenny,Crystal Palace F.C.,Premier League,2025/26,Midfielder,21,7,14,1
wikipedia,Jørgen_Strand_Larsen,Jørgen Strand Larsen,Crystal Palace F.C.,Premier League,2025/26,Forward,14,12,2,3
wikipedia,Kaden_Rodney,Kaden Rodney,Crystal Palace F.C.,Premier League,2025/26,Midfielder,1,0,1,0
wikipedia,Marc_Guéhi,Marc Guéhi,Crystal Palace F.C.,Premier League,2025/26,Defender,20,20,0,2
wikipedia,Maxence_Lacroix,Maxence Lacroix,Crystal Palace F.C.,Premier League,2025/26,Defender,35,35,0,1
wikipedia,Nathaniel_Clyne,Nathaniel Clyne,Crystal Palace F.C.,Premier League,2025/26,Defender,10,7,3,0
wikipedia,Odsonne_Édouard,Odsonne Édouard,Crystal Palace F.C.,Premier League,2025/26,Forward,1,0,1,0
wikipedia,Rio_Cardines,Rio Cardines,Crystal Palace F.C.,Premier League,2025/26,Defender,1,1,0,0
wikipedia,Romain_Esse,Romain Esse,Crystal Palace F.C.,Premier League,2025/26,Forward,4,0,4,0
wikipedia,Tyrick_Mitchell,Tyrick Mitchell,Crystal Palace F.C.,Premier League,2025/26,Defender,38,36,2,1
wikipedia,Walter_Benítez_(footballer),Walter Benítez,Crystal Palace F.C.,Premier League,2025/26,Goalkeeper,1,1,0,0
wikipedia,Will_Hughes,Will Hughes,Crystal Palace F.C.,Premier League,2025/26,Midfielder,31,19,12,0
wikipedia,Yéremy_Pino,Yéremy Pino,Crystal Palace F.C.,Premier League,2025/26,Midfielder,34,26,8,2
wikipedia,"Beto_(footballer,_born_1998)",Beto,Everton F.C.,Premier League,2025/26,Forward,37,17,20,9
wikipedia,Charly_Alcaraz,Charly Alcaraz,Everton F.C.,Premier League,2025/26,Midfielder,20,6,14,0
wikipedia,Dwight_McNeil,Dwight McNeil,Everton F.C.,Premier League,2025/26,Forward,22,14,8,0
wikipedia,Harrison_Armstrong_(footballer),Harrison Armstrong,Everton F.C.,Premier League,2025/26,Midfielder,13,6,7,0
wikipedia,Idrissa_Gueye,Idrissa Gueye,Everton F.C.,Premier League,2025/26,Midfielder,25,25,0,2
wikipedia,Iliman_Ndiaye,Iliman Ndiaye,Everton F.C.,Premier League,2025/26,Forward,32,32,0,6
wikipedia,Jack_Grealish,Jack Grealish,Everton F.C.,Premier League,2025/26,Forward,20,18,2,2
wikipedia,Jake_O'Brien_(footballer),Jake O'Brien,Everton F.C.,Premier League,2025/26,Defender,37,35,2,1
wikipedia,"James_Garner_(footballer,_born_2001)",James Garner,Everton F.C.,Premier League,2025/26,Midfielder,38,38,0,2
wikipedia,James_Tarkowski,James Tarkowski,Everton F.C.,Premier League,2025/26,Defender,37,37,0,2
wikipedia,Jarrad_Branthwaite,Jarrad Branthwaite,Everton F.C.,Premier League,2025/26,Defender,10,7,3,1
wikipedia,Jordan_Pickford,Jordan Pickford,Everton F.C.,Premier League,2025/26,Goalkeeper,38,38,0,0
wikipedia,Kiernan_Dewsbury-Hall,Kiernan Dewsbury-Hall,Everton F.C.,Premier League,2025/26,Midfielder,31,30,1,8
wikipedia,Merlin_Röhl,Merlin Röhl,Everton F.C.,Premier League,2025/26,Midfielder,16,6,10,1
wikipedia,"Michael_Keane_(footballer,_born_1993)",Michael Keane,Everton F.C.,Premier League,2025/26,Defender,33,29,4,3
wikipedia,Nathan_Patterson_(footballer),Nathan Patterson,Everton F.C.,Premier League,2025/26,Defender,7,3,4,0
wikipedia,Séamus_Coleman,Séamus Coleman,Everton F.C.,Premier League,2025/26,Defender,5,1,4,0
wikipedia,"Thierno_Barry_(footballer,_born_2002)",Thierno Barry,Everton F.C.,Premier League,2025/26,Forward,38,21,17,8
wikipedia,Tim_Iroegbunam,Tim Iroegbunam,Everton F.C.,Premier League,2025/26,Midfielder,29,17,12,0
wikipedia,Tyler_Dibling,Tyler Dibling,Everton F.C.,Premier League,2025/26,Forward,14,4,10,0
wikipedia,Tyrique_George,Tyrique George,Everton F.C.,Premier League,2025/26,Forward,11,1,10,0
wikipedia,Vitaliy_Mykolenko,Vitaliy Mykolenko,Everton F.C.,Premier League,2025/26,Defender,33,33,0,0
wikipedia,"Adama_Traoré_(footballer,_born_1996)",Adama Traoré,Fulham F.C.,Premier League,2025/26,Forward,15,1,14,0
wikipedia,Alex_Iwobi,Alex Iwobi,Fulham F.C.,Premier League,2025/26,Forward,29,29,0,4
wikipedia,Antonee_Robinson,Antonee Robinson,Fulham F.C.,Premier League,2025/26,Defender,22,17,5,1
wikipedia,Bernd_Leno,Bernd Leno,Fulham F.C.,Premier League,2025/26,Goalkeeper,38,38,0,0
wikipedia,Calvin_Bassey,Calvin Bassey,Fulham F.C.,Premier League,2025/26,Defender,30,28,2,1
wikipedia,Emile_Smith_Rowe,Emile Smith Rowe,Fulham F.C.,Premier League,2025/26,Midfielder,37,22,15,3
wikipedia,Harrison_Reed_(footballer),Harrison Reed,Fulham F.C.,Premier League,2025/26,Midfielder,7,1,6,1
wikipedia,"Harry_Wilson_(footballer,_born_1997)",Harry Wilson,Fulham F.C.,Premier League,2025/26,Forward,36,32,4,10
wikipedia,Issa_Diop_(footballer),Issa Diop,Fulham F.C.,Premier League,2025/26,Defender,13,8,5,1
wikipedia,Joachim_Andersen_(footballer),Joachim Andersen,Fulham F.C.,Premier League,2025/26,Defender,33,33,0,0
wikipedia,Jonah_Kusi-Asare,Jonah Kusi-Asare,Fulham F.C.,Premier League,2025/26,Forward,7,0,7,0
wikipedia,Jorge_Cuenca,Jorge Cuenca,Fulham F.C.,Premier League,2025/26,Defender,15,11,4,0
wikipedia,"Josh_King_(footballer,_born_2007)",Josh King,Fulham F.C.,Premier League,2025/26,Midfielder,32,15,17,1
wikipedia,Kenny_Tete,Kenny Tete,Fulham F.C.,Premier League,2025/26,Defender,22,21,1,1
wikipedia,"Kevin_(footballer,_born_2003)",Kevin,Fulham F.C.,Premier League,2025/26,Forward,26,9,17,1
wikipedia,Oscar_Bobb,Oscar Bobb,Fulham F.C.,Premier League,2025/26,Forward,14,6,8,0
wikipedia,Raúl_Jiménez,Raúl Jiménez,Fulham F.C.,Premier League,2025/26,Forward,36,27,9,9
wikipedia,Rodrigo_Muniz_(Brazilian_footballer),Rodrigo Muniz,Fulham F.C.,Premier League,2025/26,Forward,21,10,11,1
wikipedia,Ryan_Sessegnon,Ryan Sessegnon,Fulham F.C.,Premier League,2025/26,Defender,27,20,7,3
wikipedia,Samuel_Chukwueze,Samuel Chukwueze,Fulham F.C.,Premier League,2025/26,Forward,23,10,13,3
wikipedia,Sander_Berge,Sander Berge,Fulham F.C.,Premier League,2025/26,Midfielder,35,34,1,0
wikipedia,Saša_Lukić,Saša Lukić,Fulham F.C.,Premier League,2025/26,Midfielder,26,20,6,1
wikipedia,Timothy_Castagne,Timothy Castagne,Fulham F.C.,Premier League,2025/26,Defender,30,20,10,0
wikipedia,Tom_Cairney,Tom Cairney,Fulham F.C.,Premier League,2025/26,Midfielder,24,6,18,2
wikipedia,Anton_Stach,Anton Stach,Leeds United F.C.,Premier League,2025/26,Midfielder,29,28,1,5
wikipedia,Ao_Tanaka,Ao Tanaka,Leeds United F.C.,Premier League,2025/26,Midfielder,28,14,14,2
wikipedia,Brenden_Aaronson,Brenden Aaronson,Leeds United F.C.,Premier League,2025/26,Midfielder,37,30,7,4
wikipedia,Daniel_James_(footballer),Daniel James,Leeds United F.C.,Premier League,2025/26,Midfielder,19,6,13,0
wikipedia,Dominic_Calvert-Lewin,Dominic Calvert-Lewin,Leeds United F.C.,Premier League,2025/26,Forward,35,30,5,14
wikipedia,Ethan_Ampadu,Ethan Ampadu,Leeds United F.C.,Premier League,2025/26,Midfielder,35,35,0,1
wikipedia,Facundo_Buonanotte,Facundo Buonanotte,Leeds United F.C.,Premier League,2025/26,Midfielder,3,0,3,0
wikipedia,Gabriel_Gudmundsson,Gabriel Gudmundsson,Leeds United F.C.,Premier League,2025/26,Defender,32,31,1,0
wikipedia,"Ilia_Gruev_(footballer,_born_2000)",Ilia Gruev,Leeds United F.C.,Premier League,2025/26,Midfielder,23,15,8,0
wikipedia,"Jack_Harrison_(footballer,_born_1996)",Jack Harrison,Leeds United F.C.,Premier League,2025/26,Midfielder,11,1,10,0
wikipedia,Jaka_Bijol,Jaka Bijol,Leeds United F.C.,Premier League,2025/26,Defender,25,21,4,1
wikipedia,James_Justin,James Justin,Leeds United F.C.,Premier League,2025/26,Defender,30,21,9,2
wikipedia,Jayden_Bogle,Jayden Bogle,Leeds United F.C.,Premier League,2025/26,Defender,34,32,2,1
wikipedia,Joe_Rodon,Joe Rodon,Leeds United F.C.,Premier League,2025/26,Defender,35,33,2,2
wikipedia,Karl_Darlow,Karl Darlow,Leeds United F.C.,Premier League,2025/26,Goalkeeper,22,22,0,0
wikipedia,Lucas_Perri,Lucas Perri,Leeds United F.C.,Premier League,2025/26,Goalkeeper,16,16,0,0
wikipedia,Lukas_Nmecha,Lukas Nmecha,Leeds United F.C.,Premier League,2025/26,Forward,30,10,20,6
wikipedia,Noah_Okafor,Noah Okafor,Leeds United F.C.,Premier League,2025/26,Forward,28,19,9,8
wikipedia,Pascal_Struijk,Pascal Struijk,Leeds United F.C.,Premier League,2025/26,Defender,35,33,2,0
wikipedia,Sam_Byram,Sam Byram,Leeds United F.C.,Premier League,2025/26,Defender,2,0,2,0
wikipedia,Sean_Longstaff,Sean Longstaff,Leeds United F.C.,Premier League,2025/26,Midfielder,23,10,13,2
wikipedia,Sebastiaan_Bornauw,Sebastiaan Bornauw,Leeds United F.C.,Premier League,2025/26,Defender,12,5,7,0
wikipedia,Wilfried_Gnonto,Wilfried Gnonto,Leeds United F.C.,Premier League,2025/26,Forward,23,4,19,0
wikipedia,Alexander_Isak,Alexander Isak,Liverpool F.C.,Premier League,2025/26,Forward,14,8,6,3
wikipedia,Alexis_Mac_Allister,Alexis Mac Allister,Liverpool F.C.,Premier League,2025/26,Midfielder,37,32,5,2
wikipedia,Alisson_Becker,Alisson Becker,Liverpool F.C.,Premier League,2025/26,Goalkeeper,26,26,0,0
wikipedia,Andy_Robertson,Andy Robertson,Liverpool F.C.,Premier League,2025/26,Defender,24,11,13,1
wikipedia,Cody_Gakpo,Cody Gakpo,Liverpool F.C.,Premier League,2025/26,Forward,36,32,4,7
wikipedia,Conor_Bradley,Conor Bradley,Liverpool F.C.,Premier League,2025/26,Defender,15,12,3,0
wikipedia,"Curtis_Jones_(footballer,_born_2001)",Curtis Jones,Liverpool F.C.,Premier League,2025/26,Midfielder,34,18,16,1
wikipedia,Dominik_Szoboszlai,Dominik Szoboszlai,Liverpool F.C.,Premier League,2025/26,Midfielder,36,36,0,6
wikipedia,Federico_Chiesa,Federico Chiesa,Liverpool F.C.,Premier League,2025/26,Forward,26,1,25,2
wikipedia,Florian_Wirtz,Florian Wirtz,Liverpool F.C.,Premier League,2025/26,Midfielder,33,27,6,5
wikipedia,Freddie_Woodman,Freddie Woodman,Liverpool F.C.,Premier League,2025/26,Goalkeeper,3,2,1,0
wikipedia,Giorgi_Mamardashvili,Giorgi Mamardashvili,Liverpool F.C.,Premier League,2025/26,Goalkeeper,10,10,0,0
wikipedia,Harvey_Elliott,Harvey Elliott,Liverpool F.C.,Premier League,2025/26,Midfielder,1,0,1,0
wikipedia,Hugo_Ekitike,Hugo Ekitike,Liverpool F.C.,Premier League,2025/26,Forward,28,21,7,11
wikipedia,Ibrahima_Konaté,Ibrahima Konaté,Liverpool F.C.,Premier League,2025/26,Defender,36,36,0,1
wikipedia,Jeremie_Frimpong,Jeremie Frimpong,Liverpool F.C.,Premier League,2025/26,Defender,21,12,9,0
wikipedia,Joe_Gomez,Joe Gomez,Liverpool F.C.,Premier League,2025/26,Defender,21,7,14,0
wikipedia,Milos_Kerkez,Milos Kerkez,Liverpool F.C.,Premier League,2025/26,Defender,34,27,7,2
wikipedia,Mohamed_Salah,Mohamed Salah,Liverpool F.C.,Premier League,2025/26,Forward,27,23,4,7
wikipedia,Rio_Ngumoha,Rio Ngumoha,Liverpool F.C.,Premier League,2025/26,Forward,19,5,14,2
wikipedia,Ryan_Gravenberch,Ryan Gravenberch,Liverpool F.C.,Premier League,2025/26,Midfielder,36,34,2,5
wikipedia,Trey_Nyoni,Trey Nyoni,Liverpool F.C.,Premier League,2025/26,Midfielder,6,0,6,0
wikipedia,Virgil_van_Dijk,Virgil van Dijk,Liverpool F.C.,Premier League,2025/26,Defender,38,38,0,6
wikipedia,Wataru_Endo,Wataru Endo,Liverpool F.C.,Premier League,2025/26,Midfielder,8,1,7,0
wikipedia,Abdukodir_Khusanov,Abdukodir Khusanov,Manchester City F.C.,Premier League,2025/26,,21,,,0
wikipedia,Bernardo_Silva,Bernardo Silva,Manchester City F.C.,Premier League,2025/26,Midfielder,38,,,2
wikipedia,Divine_Mukasa,Divine Mukasa,Manchester City F.C.,Premier League,2025/26,,2,,,0
wikipedia,Erling_Haaland,Erling Haaland,Manchester City F.C.,Premier League,2025/26,Forward,35,,,27
wikipedia,Gianluigi_Donnarumma,Gianluigi Donnarumma,Manchester City F.C.,Premier League,2025/26,,34,,,0
wikipedia,James_Trafford,James Trafford,Manchester City F.C.,Premier League,2025/26,,4,,,0
wikipedia,John_Stones,John Stones,Manchester City F.C.,Premier League,2025/26,,9,,,0
wikipedia,Joško_Gvardiol,Joško Gvardiol,Manchester City F.C.,Premier League,2025/26,Defender,18,,,2
wikipedia,Jérémy_Doku,Jérémy Doku,Manchester City F.C.,Premier League,2025/26,Midfielder,30,,,5
wikipedia,Marc_Guéhi,Marc Guéhi,Manchester City F.C.,Premier League,2025/26,Defender,15,,,1
wikipedia,Mateo_Kovačić,Mateo Kovačić,Manchester City F.C.,Premier League,2025/26,,6,,,0
wikipedia,Max_Alleyne,Max Alleyne,Manchester City F.C.,Premier League,2025/26,Defender,2,,,0
wikipedia,"Nico_González_(footballer,_born_2002)",Nico González,Manchester City F.C.,Premier League,2025/26,Midfielder,25,,,1
wikipedia,Nico_O'Reilly,Nico O'Reilly,Manchester City F.C.,Premier League,2025/26,Midfielder,34,,,5
wikipedia,Oscar_Bobb,Oscar Bobb,Manchester City F.C.,Premier League,2025/26,,9,,,0
wikipedia,Phil_Foden,Phil Foden,Manchester City F.C.,Premier League,2025/26,Midfielder,33,,,7
wikipedia,Rico_Lewis,Rico Lewis,Manchester City F.C.,Premier League,2025/26,Defender,11,,,0
wikipedia,Altay_Bayındır,Altay Bayındır,Manchester United F.C.,Premier League,2025/26,Goalkeeper,6,6,0,0
wikipedia,Amad_Diallo,Amad Diallo,Manchester United F.C.,Premier League,2025/26,Forward,32,27,5,2
wikipedia,Ayden_Heaven,Ayden Heaven,Manchester United F.C.,Premier League,2025/26,Defender,17,11,6,0
wikipedia,Bendito_Mantato,Bendito Mantato,Manchester United F.C.,Premier League,2025/26,Forward,1,0,1,0
wikipedia,Benjamin_Šeško,Benjamin Šeško,Manchester United F.C.,Premier League,2025/26,Forward,30,17,13,11
wikipedia,Bruno_Fernandes,Bruno Fernandes,Manchester United F.C.,Premier League,2025/26,Midfielder,35,35,0,9
wikipedia,Bryan_Mbeumo,Bryan Mbeumo,Manchester United F.C.,Premier League,2025/26,Forward,33,31,2,11
wikipedia,Casemiro,Casemiro,Manchester United F.C.,Premier League,2025/26,Midfielder,34,33,1,9
wikipedia,Diogo_Dalot,Diogo Dalot,Manchester United F.C.,Premier League,2025/26,Defender,34,29,5,1
wikipedia,Harry_Maguire,Harry Maguire,Manchester United F.C.,Premier League,2025/26,Defender,23,19,4,1
wikipedia,"Jack_Fletcher_(footballer,_born_2007)",Jack Fletcher,Manchester United F.C.,Premier League,2025/26,Midfielder,3,0,3,0
wikipedia,Joshua_Zirkzee,Joshua Zirkzee,Manchester United F.C.,Premier League,2025/26,Forward,24,5,19,2
wikipedia,Kobbie_Mainoo,Kobbie Mainoo,Manchester United F.C.,Premier League,2025/26,Midfielder,28,16,12,1
wikipedia,Leny_Yoro,Leny Yoro,Manchester United F.C.,Premier League,2025/26,Defender,32,18,14,0
wikipedia,Lisandro_Martínez,Lisandro Martínez,Manchester United F.C.,Premier League,2025/26,Defender,18,13,5,0
wikipedia,Luke_Shaw,Luke Shaw,Manchester United F.C.,Premier League,2025/26,Defender,38,38,0,1
wikipedia,Manuel_Ugarte_(footballer),Manuel Ugarte,Manchester United F.C.,Premier League,2025/26,Midfielder,22,8,14,0
wikipedia,Mason_Mount,Mason Mount,Manchester United F.C.,Premier League,2025/26,Midfielder,23,12,11,3
wikipedia,Matheus_Cunha,Matheus Cunha,Manchester United F.C.,Premier League,2025/26,Forward,33,29,4,10
wikipedia,Matthijs_de_Ligt,Matthijs de Ligt,Manchester United F.C.,Premier League,2025/26,Defender,13,13,0,1
wikipedia,Noussair_Mazraoui,Noussair Mazraoui,Manchester United F.C.,Premier League,2025/26,Defender,20,11,9,0
wikipedia,Patrick_Dorgu,Patrick Dorgu,Manchester United F.C.,Premier League,2025/26,Defender,26,15,11,4
wikipedia,Senne_Lammens,Senne Lammens,Manchester United F.C.,Premier League,2025/26,Goalkeeper,32,32,0,0
wikipedia,Shea_Lacey,Shea Lacey,Manchester United F.C.,Premier League,2025/26,Forward,3,0,3,0
wikipedia,Tyler_Fletcher,Tyler Fletcher,Manchester United F.C.,Premier League,2025/26,Midfielder,2,0,2,0
wikipedia,Tyler_Fredricson,Tyler Fredricson,Manchester United F.C.,Premier League,2025/26,Defender,1,0,1,0
wikipedia,Tyrell_Malacia,Tyrell Malacia,Manchester United F.C.,Premier League,2025/26,Defender,3,0,3,0
wikipedia,Aaron_Ramsdale,Aaron Ramsdale,Newcastle United F.C.,Premier League,2025/26,Goalkeeper,12,11,1,0
wikipedia,Alex_Murphy_(footballer),Alex Murphy,Newcastle United F.C.,Premier League,2025/26,Defender,2,0,2,0
wikipedia,Anthony_Elanga,Anthony Elanga,Newcastle United F.C.,Premier League,2025/26,Midfielder,32,14,18,0
wikipedia,Anthony_Gordon_(footballer),Anthony Gordon,Newcastle United F.C.,Premier League,2025/26,Midfielder,26,24,2,6
wikipedia,Bruno_Guimarães,Bruno Guimarães,Newcastle United F.C.,Premier League,2025/26,Midfielder,29,27,2,9
wikipedia,Dan_Burn,Dan Burn,Newcastle United F.C.,Premier League,2025/26,Defender,29,25,4,1
wikipedia,Emil_Krafth,Emil Krafth,Newcastle United F.C.,Premier League,2025/26,Defender,1,1,0,0
wikipedia,Fabian_Schär,Fabian Schär,Newcastle United F.C.,Premier League,2025/26,Defender,16,11,5,0
wikipedia,Harvey_Barnes,Harvey Barnes,Newcastle United F.C.,Premier League,2025/26,Midfielder,37,19,18,7
wikipedia,Jacob_Murphy,Jacob Murphy,Newcastle United F.C.,Premier League,2025/26,Midfielder,34,20,14,3
wikipedia,Jacob_Ramsey,Jacob Ramsey,Newcastle United F.C.,Premier League,2025/26,Midfielder,28,15,13,2
wikipedia,Jamaal_Lascelles,Jamaal Lascelles,Newcastle United F.C.,Premier League,2025/26,Defender,2,0,2,0
wikipedia,Joe_Willock,Joe Willock,Newcastle United F.C.,Premier League,2025/26,Midfielder,24,10,14,0
wikipedia,Joelinton,Joelinton,Newcastle United F.C.,Premier League,2025/26,Midfielder,27,23,4,2
wikipedia,Kieran_Trippier,Kieran Trippier,Newcastle United F.C.,Premier League,2025/26,Defender,21,18,3,0
wikipedia,Lewis_Hall_(footballer),Lewis Hall,Newcastle United F.C.,Premier League,2025/26,Defender,30,24,6,1
wikipedia,Lewis_Miley,Lewis Miley,Newcastle United F.C.,Premier League,2025/26,Midfielder,23,15,8,1
wikipedia,Malick_Thiaw,Malick Thiaw,Newcastle United F.C.,Premier League,2025/26,Defender,35,33,2,4
wikipedia,Nick_Pope_(footballer),Nick Pope,Newcastle United F.C.,Premier League,2025/26,Goalkeeper,27,27,0,0
wikipedia,Nick_Woltemade,Nick Woltemade,Newcastle United F.C.,Premier League,2025/26,Forward,33,24,9,8
wikipedia,Sandro_Tonali,Sandro Tonali,Newcastle United F.C.,Premier League,2025/26,Midfielder,35,31,4,0
wikipedia,Sean_Neave,Sean Neave,Newcastle United F.C.,Premier League,2025/26,Forward,1,0,1,0
wikipedia,Sven_Botman,Sven Botman,Newcastle United F.C.,Premier League,2025/26,Defender,25,21,4,1
wikipedia,Tino_Livramento,Tino Livramento,Newcastle United F.C.,Premier League,2025/26,Defender,17,14,3,0
wikipedia,William_Osula,William Osula,Newcastle United F.C.,Premier League,2025/26,Forward,24,8,16,7
wikipedia,Yoane_Wissa,Yoane Wissa,Newcastle United F.C.,Premier League,2025/26,Forward,19,4,15,1
wikipedia,Angus_Gunn,Angus Gunn,Nottingham Forest F.C.,Premier League,2025/26,Goalkeeper,1,0,1,0
wikipedia,Arnaud_Kalimuendo,Arnaud Kalimuendo,Nottingham Forest F.C.,Premier League,2025/26,,9,0,9,0
wikipedia,Callum_Hudson-Odoi,Callum Hudson-Odoi,Nottingham Forest F.C.,Premier League,2025/26,,30,21,9,3
wikipedia,"Chris_Wood_(footballer,_born_1991)",Chris Wood,Nottingham Forest F.C.,Premier League,2025/26,,16,12,4,3
wikipedia,Dan_Ndoye,Dan Ndoye,Nottingham Forest F.C.,Premier League,2025/26,,24,14,10,1
wikipedia,Dilane_Bakwa,Dilane Bakwa,Nottingham Forest F.C.,Premier League,2025/26,,14,6,8,0
wikipedia,Douglas_Luiz,Douglas Luiz,Nottingham Forest F.C.,Premier League,2025/26,,7,5,2,0
wikipedia,Elliot_Anderson_(footballer),Elliot Anderson,Nottingham Forest F.C.,Premier League,2025/26,,38,37,1,4
wikipedia,Ibrahim_Sangaré_(Ivorian_footballer),Ibrahim Sangaré,Nottingham Forest F.C.,Premier League,2025/26,,28,25,3,2
wikipedia,"Igor_Jesus_(footballer,_born_2001)",Igor Jesus,Nottingham Forest F.C.,Premier League,2025/26,,37,28,9,6
wikipedia,Jair_Cunha,Jair Cunha,Nottingham Forest F.C.,Premier League,2025/26,,9,6,3,0
wikipedia,James_McAtee,James McAtee,Nottingham Forest F.C.,Premier League,2025/26,,14,2,12,0
wikipedia,John_Victor_(footballer),John Victor,Nottingham Forest F.C.,Premier League,2025/26,Goalkeeper,5,5,0,0
wikipedia,Jota_Silva,Jota Silva,Nottingham Forest F.C.,Premier League,2025/26,,1,0,1,0
wikipedia,Lorenzo_Lucca,Lorenzo Lucca,Nottingham Forest F.C.,Premier League,2025/26,,4,1,3,1
wikipedia,Luca_Netz,Luca Netz,Nottingham Forest F.C.,Premier League,2025/26,,7,3,4,0
wikipedia,Matz_Sels,Matz Sels,Nottingham Forest F.C.,Premier League,2025/26,Goalkeeper,31,30,1,0
wikipedia,"Morato_(footballer,_born_2001)",Morato,Nottingham Forest F.C.,Premier League,2025/26,,21,14,7,1
wikipedia,Morgan_Gibbs-White,Morgan Gibbs-White,Nottingham Forest F.C.,Premier League,2025/26,,37,35,2,15
wikipedia,Murillo_(footballer),Murillo,Nottingham Forest F.C.,Premier League,2025/26,,25,25,0,1
wikipedia,Neco_Williams,Neco Williams,Nottingham Forest F.C.,Premier League,2025/26,,37,36,1,2
wikipedia,Nicolás_Domínguez,Nicolás Domínguez,Nottingham Forest F.C.,Premier League,2025/26,,27,17,10,1
wikipedia,Nicolò_Savona,Nicolò Savona,Nottingham Forest F.C.,Premier League,2025/26,,14,11,3,2
wikipedia,Nikola_Milenković,Nikola Milenković,Nottingham Forest F.C.,Premier League,2025/26,,38,37,1,0
wikipedia,Ola_Aina,Ola Aina,Nottingham Forest F.C.,Premier League,2025/26,,18,18,0,0
wikipedia,Oleksandr_Zinchenko_(footballer),Oleksandr Zinchenko,Nottingham Forest F.C.,Premier League,2025/26,,5,4,1,0
wikipedia,Omari_Hutchinson,Omari Hutchinson,Nottingham Forest F.C.,Premier League,2025/26,,31,16,15,1
wikipedia,Ryan_Yates,Ryan Yates,Nottingham Forest F.C.,Premier League,2025/26,,22,2,20,0
wikipedia,Stefan_Ortega,Stefan Ortega,Nottingham Forest F.C.,Premier League,2025/26,Goalkeeper,3,3,0,0
wikipedia,Taiwo_Awoniyi,Taiwo Awoniyi,Nottingham Forest F.C.,Premier League,2025/26,,17,3,14,4
wikipedia,Zach_Abbott,Zach Abbott,Nottingham Forest F.C.,Premier League,2025/26,,3,2,1,0
wikipedia,Arthur_Masuaku,Arthur Masuaku,Sunderland A.F.C.,Premier League,2025/26,Defender,3,2,1,0
wikipedia,Bertrand_Traoré,Bertrand Traoré,Sunderland A.F.C.,Premier League,2025/26,Forward,12,9,3,1
wikipedia,Brian_Brobbey,Brian Brobbey,Sunderland A.F.C.,Premier League,2025/26,Forward,31,22,9,7
wikipedia,Chemsdine_Talbi,Chemsdine Talbi,Sunderland A.F.C.,Premier League,2025/26,Forward,28,16,12,4
wikipedia,Chris_Rigg,Chris Rigg,Sunderland A.F.C.,Premier League,2025/26,Midfielder,18,11,7,1
wikipedia,Dan_Neil_(footballer),Dan Neil,Sunderland A.F.C.,Premier League,2025/26,Midfielder,3,0,3,0
wikipedia,Daniel_Ballard,Daniel Ballard,Sunderland A.F.C.,Premier League,2025/26,Defender,29,24,5,2
wikipedia,Dennis_Cirkin,Dennis Cirkin,Sunderland A.F.C.,Premier League,2025/26,Defender,8,3,5,0
wikipedia,Eliezer_Mayenda,Eliezer Mayenda,Sunderland A.F.C.,Premier League,2025/26,Forward,20,8,12,2
wikipedia,Enzo_Le_Fée,Enzo Le Fée,Sunderland A.F.C.,Premier League,2025/26,Midfielder,36,33,3,5
wikipedia,Granit_Xhaka,Granit Xhaka,Sunderland A.F.C.,Premier League,2025/26,Midfielder,34,32,2,1
wikipedia,Habib_Diarra,Habib Diarra,Sunderland A.F.C.,Premier League,2025/26,Midfielder,20,15,5,2
wikipedia,Jenson_Seelt,Jenson Seelt,Sunderland A.F.C.,Premier League,2025/26,Defender,2,1,1,0
wikipedia,Jocelin_Ta_Bi,Jocelin Ta Bi,Sunderland A.F.C.,Premier League,2025/26,Forward,1,1,0,0
wikipedia,Luke_O'Nien,Luke O'Nien,Sunderland A.F.C.,Premier League,2025/26,Defender,12,5,7,0
wikipedia,Lutsharel_Geertruida,Lutsharel Geertruida,Sunderland A.F.C.,Premier League,2025/26,Defender,28,17,11,0
wikipedia,Marc_Guiu,Marc Guiu,Sunderland A.F.C.,Premier League,2025/26,Forward,2,0,2,0
wikipedia,Melker_Ellborg,Melker Ellborg,Sunderland A.F.C.,Premier League,2025/26,Goalkeeper,3,3,0,0
wikipedia,Nilson_Angulo,Nilson Angulo,Sunderland A.F.C.,Premier League,2025/26,Forward,8,5,3,0
wikipedia,Noah_Sadiki,Noah Sadiki,Sunderland A.F.C.,Premier League,2025/26,Midfielder,33,33,0,0
wikipedia,Nordi_Mukiele,Nordi Mukiele,Sunderland A.F.C.,Premier League,2025/26,Defender,32,32,0,3
wikipedia,Omar_Alderete,Omar Alderete,Sunderland A.F.C.,Premier League,2025/26,Defender,33,32,1,1
wikipedia,Patrick_Roberts,Patrick Roberts,Sunderland A.F.C.,Premier League,2025/26,Forward,1,0,1,0
wikipedia,Reinildo_Mandava,Reinildo Mandava,Sunderland A.F.C.,Premier League,2025/26,Defender,25,23,2,0
wikipedia,Robin_Roefs,Robin Roefs,Sunderland A.F.C.,Premier League,2025/26,Goalkeeper,35,35,0,0
wikipedia,Romaine_Mundle,Romaine Mundle,Sunderland A.F.C.,Premier League,2025/26,Forward,14,2,12,0
wikipedia,Simon_Adingra,Simon Adingra,Sunderland A.F.C.,Premier League,2025/26,Forward,14,9,5,1
wikipedia,Trai_Hume,Trai Hume,Sunderland A.F.C.,Premier League,2025/26,Defender,38,34,4,2
wikipedia,Wilson_Isidor,Wilson Isidor,Sunderland A.F.C.,Premier League,2025/26,Forward,32,11,21,6
wikipedia,"Antonín_Kinský_(footballer,_born_2003)",Antonín Kinský,Tottenham Hotspur F.C.,Premier League,2025/26,Goalkeeper,7,7,0,0
wikipedia,Archie_Gray,Archie Gray,Tottenham Hotspur F.C.,Premier League,2025/26,Midfielder,24,18,6,2
wikipedia,"Ben_Davies_(footballer,_born_1993)",Ben Davies,Tottenham Hotspur F.C.,Premier League,2025/26,Defender,3,2,1,1
wikipedia,Brennan_Johnson,Brennan Johnson,Tottenham Hotspur F.C.,Premier League,2025/26,Forward,16,6,10,2
wikipedia,Callum_Olusesi,Callum Olusesi,Tottenham Hotspur F.C.,Premier League,2025/26,Midfielder,1,0,1,0
wikipedia,Conor_Gallagher,Conor Gallagher,Tottenham Hotspur F.C.,Premier League,2025/26,Midfielder,16,14,2,1
wikipedia,Cristian_Romero,Cristian Romero,Tottenham Hotspur F.C.,Premier League,2025/26,Defender,23,22,1,4
wikipedia,Dane_Scarlett,Dane Scarlett,Tottenham Hotspur F.C.,Premier League,2025/26,Forward,2,0,2,0
wikipedia,Destiny_Udogie,Destiny Udogie,Tottenham Hotspur F.C.,Premier League,2025/26,Defender,20,14,6,0
wikipedia,Djed_Spence,Djed Spence,Tottenham Hotspur F.C.,Premier League,2025/26,Defender,30,23,7,0
wikipedia,Dominic_Solanke,Dominic Solanke,Tottenham Hotspur F.C.,Premier League,2025/26,Forward,15,11,4,3
wikipedia,Guglielmo_Vicario,Guglielmo Vicario,Tottenham Hotspur F.C.,Premier League,2025/26,Goalkeeper,31,31,0,0
wikipedia,James_Maddison,James Maddison,Tottenham Hotspur F.C.,Premier League,2025/26,Midfielder,3,0,3,0
wikipedia,James_Rowswell,James Rowswell,Tottenham Hotspur F.C.,Premier League,2025/26,Defender,1,0,1,0
wikipedia,João_Palhinha,João Palhinha,Tottenham Hotspur F.C.,Premier League,2025/26,Midfielder,33,23,10,5
wikipedia,Jun'ai_Byfield,Jun'ai Byfield,Tottenham Hotspur F.C.,Premier League,2025/26,Defender,1,0,1,0
wikipedia,Kevin_Danso,Kevin Danso,Tottenham Hotspur F.C.,Premier League,2025/26,Defender,24,17,7,0
wikipedia,Lucas_Bergvall,Lucas Bergvall,Tottenham Hotspur F.C.,Premier League,2025/26,Midfielder,23,11,12,1
wikipedia,Mathys_Tel,Mathys Tel,Tottenham Hotspur F.C.,Premier League,2025/26,Forward,31,13,18,4
wikipedia,Micky_van_de_Ven,Micky van de Ven,Tottenham Hotspur F.C.,Premier League,2025/26,Defender,35,35,0,4
wikipedia,Mohammed_Kudus,Mohammed Kudus,Tottenham Hotspur F.C.,Premier League,2025/26,Midfielder,19,19,0,2
wikipedia,Pape_Matar_Sarr,Pape Matar Sarr,Tottenham Hotspur F.C.,Premier League,2025/26,Midfielder,26,13,13,2
wikipedia,Pedro_Porro,Pedro Porro,Tottenham Hotspur F.C.,Premier League,2025/26,Defender,33,31,2,1
wikipedia,Radu_Drăgușin,Radu Drăgușin,Tottenham Hotspur F.C.,Premier League,2025/26,Defender,10,5,5,0
wikipedia,Randal_Kolo_Muani,Randal Kolo Muani,Tottenham Hotspur F.C.,Premier League,2025/26,Forward,30,21,9,1
wikipedia,Richarlison,Richarlison,Tottenham Hotspur F.C.,Premier League,2025/26,Forward,32,20,12,11
wikipedia,Rodrigo_Bentancur,Rodrigo Bentancur,Tottenham Hotspur F.C.,Premier League,2025/26,Midfielder,26,23,3,1
wikipedia,"Souza_(footballer,_born_2006)",Souza,Tottenham Hotspur F.C.,Premier League,2025/26,Defender,4,2,2,0
wikipedia,Wilson_Odobert,Wilson Odobert,Tottenham Hotspur F.C.,Premier League,2025/26,Forward,24,10,14,0
wikipedia,Xavi_Simons,Xavi Simons,Tottenham Hotspur F.C.,Premier League,2025/26,Forward,28,19,9,2
wikipedia,Yves_Bissouma,Yves Bissouma,Tottenham Hotspur F.C.,Premier League,2025/26,Midfielder,11,7,4,0
wikipedia,Aaron_Wan-Bissaka,Aaron Wan-Bissaka,West Ham United F.C.,Premier League,2025/26,Defender,25,23,2,0
wikipedia,"Adama_Traoré_(footballer,_born_1996)",Adama Traoré,West Ham United F.C.,Premier League,2025/26,Forward,9,0,9,0
wikipedia,Alphonse_Areola,Alphonse Areola,West Ham United F.C.,Premier League,2025/26,Goalkeeper,20,20,0,0
wikipedia,Andy_Irving,Andy Irving,West Ham United F.C.,Premier League,2025/26,Midfielder,7,2,5,0
wikipedia,Axel_Disasi,Axel Disasi,West Ham United F.C.,Premier League,2025/26,Defender,14,14,0,0
wikipedia,Callum_Marshall,Callum Marshall,West Ham United F.C.,Premier League,2025/26,Forward,2,0,2,0
wikipedia,Callum_Wilson,Callum Wilson,West Ham United F.C.,Premier League,2025/26,Forward,32,11,21,7
wikipedia,Crysencio_Summerville,Crysencio Summerville,West Ham United F.C.,Premier League,2025/26,Forward,31,29,2,5
wikipedia,El_Hadji_Malick_Diouf,El Hadji Malick Diouf,West Ham United F.C.,Premier League,2025/26,Defender,32,30,2,0
wikipedia,Ezra_Mayers,Ezra Mayers,West Ham United F.C.,Premier League,2025/26,Defender,6,0,6,0
wikipedia,Freddie_Potts,Freddie Potts,West Ham United F.C.,Premier League,2025/26,Midfielder,22,12,10,0
wikipedia,George_Earthy,George Earthy,West Ham United F.C.,Premier League,2025/26,Midfielder,1,0,1,0
wikipedia,Guido_Rodríguez,Guido Rodríguez,West Ham United F.C.,Premier League,2025/26,Midfielder,6,2,4,0
wikipedia,Igor_Julio,Igor Julio,West Ham United F.C.,Premier League,2025/26,Defender,4,1,3,0
wikipedia,James_Ward-Prowse,James Ward-Prowse,West Ham United F.C.,Premier League,2025/26,Midfielder,5,5,0,0
wikipedia,Jarrod_Bowen,Jarrod Bowen,West Ham United F.C.,Premier League,2025/26,Forward,38,38,0,9
wikipedia,Jean-Clair_Todibo,Jean-Clair Todibo,West Ham United F.C.,Premier League,2025/26,Defender,23,22,1,0
wikipedia,Konstantinos_Mavropanos,Konstantinos Mavropanos,West Ham United F.C.,Premier League,2025/26,Defender,31,27,4,3
wikipedia,Kyle_Walker-Peters,Kyle Walker-Peters,West Ham United F.C.,Premier League,2025/26,Defender,23,15,8,1
wikipedia,Lucas_Paquetá,Lucas Paquetá,West Ham United F.C.,Premier League,2025/26,Midfielder,17,17,0,4
wikipedia,Luis_Guilherme,Luis Guilherme,West Ham United F.C.,Premier League,2025/26,Forward,5,1,4,0
wikipedia,Mads_Hermansen,Mads Hermansen,West Ham United F.C.,Premier League,2025/26,Goalkeeper,18,18,0,0
wikipedia,Mateus_Fernandes_(footballer),Mateus Fernandes,West Ham United F.C.,Premier League,2025/26,Midfielder,36,35,1,3
wikipedia,Maximilian_Kilman,Maximilian Kilman,West Ham United F.C.,Premier League,2025/26,Defender,21,17,4,0
wikipedia,Mohamadou_Kanté,Mohamadou Kanté,West Ham United F.C.,Premier League,2025/26,Midfielder,11,0,11,0
wikipedia,Nayef_Aguerd,Nayef Aguerd,West Ham United F.C.,Premier League,2025/26,Defender,2,2,0,0
wikipedia,Niclas_Füllkrug,Niclas Füllkrug,West Ham United F.C.,Premier League,2025/26,Forward,9,6,3,0
wikipedia,Oliver_Scarles,Oliver Scarles,West Ham United F.C.,Premier League,2025/26,Defender,13,9,4,0
wikipedia,"Pablo_(footballer,_born_2004)",Pablo,West Ham United F.C.,Premier League,2025/26,Forward,14,10,4,0
wikipedia,Soungoutou_Magassa,Soungoutou Magassa,West Ham United F.C.,Premier League,2025/26,Midfielder,22,11,11,1
wikipedia,Taty_Castellanos,Taty Castellanos,West Ham United F.C.,Premier League,2025/26,Forward,18,17,1,6
wikipedia,Tomáš_Souček,Tomáš Souček,West Ham United F.C.,Premier League,2025/26,Midfielder,35,24,11,5
wikipedia,Adam_Armstrong_(footballer),Adam Armstrong,Wolverhampton Wanderers F.C.,Premier League,2025/26,Forward,14,14,0,2
wikipedia,"André_(footballer,_born_2001)",André,Wolverhampton Wanderers F.C.,Premier League,2025/26,Midfielder,35,30,5,1
wikipedia,Angel_Gomes,Angel Gomes,Wolverhampton Wanderers F.C.,Premier League,2025/26,Midfielder,11,6,5,0
wikipedia,Dan_Bentley_(footballer),Dan Bentley,Wolverhampton Wanderers F.C.,Premier League,2025/26,Goalkeeper,3,3,0,0
wikipedia,David_Møller_Wolfe,David Møller Wolfe,Wolverhampton Wanderers F.C.,Premier League,2025/26,Defender,22,11,11,0
wikipedia,Emmanuel_Agbadou,Emmanuel Agbadou,Wolverhampton Wanderers F.C.,Premier League,2025/26,Defender,14,12,2,0
wikipedia,Fer_López,Fer López,Wolverhampton Wanderers F.C.,Premier League,2025/26,Midfielder,9,2,7,0
wikipedia,"Hugo_Bueno_(footballer,_born_2002)",Hugo Bueno,Wolverhampton Wanderers F.C.,Premier League,2025/26,Defender,32,23,9,1
wikipedia,Hwang_Hee-chan,Hwang Hee-chan,Wolverhampton Wanderers F.C.,Premier League,2025/26,Forward,26,18,8,2
wikipedia,Jackson_Tchatchoua,Jackson Tchatchoua,Wolverhampton Wanderers F.C.,Premier League,2025/26,Defender,31,19,12,0
wikipedia,Jean‐Ricner_Bellegarde,Jean‐Ricner Bellegarde,Wolverhampton Wanderers F.C.,Premier League,2025/26,Midfielder,26,15,11,1
wikipedia,Jerome_Abbey,Jerome Abbey,Wolverhampton Wanderers F.C.,Premier League,2025/26,Midfielder,1,0,1,0
wikipedia,Jhon_Arias_(footballer),Jhon Arias,Wolverhampton Wanderers F.C.,Premier League,2025/26,Forward,23,14,9,1
wikipedia,José_Sá,José Sá,Wolverhampton Wanderers F.C.,Premier League,2025/26,Goalkeeper,23,23,0,0
wikipedia,"João_Gomes_(footballer,_born_2001)",João Gomes,Wolverhampton Wanderers F.C.,Premier League,2025/26,Midfielder,35,32,3,1
wikipedia,Jørgen_Strand_Larsen,Jørgen Strand Larsen,Wolverhampton Wanderers F.C.,Premier League,2025/26,Forward,22,14,8,1
wikipedia,Ki-Jana_Hoever,Ki-Jana Hoever,Wolverhampton Wanderers F.C.,Premier League,2025/26,Defender,8,6,2,0
wikipedia,"Ladislav_Krejčí_(footballer,_born_1999)",Ladislav Krejčí,Wolverhampton Wanderers F.C.,Premier League,2025/26,Midfielder,28,27,1,2
wikipedia,Marshall_Munetsi,Marshall Munetsi,Wolverhampton Wanderers F.C.,Premier League,2025/26,Midfielder,13,9,4,1
wikipedia,Mateus_Mané,Mateus Mané,Wolverhampton Wanderers F.C.,Premier League,2025/26,Forward,27,19,8,3
wikipedia,"Matt_Doherty_(footballer,_born_1992)",Matt Doherty,Wolverhampton Wanderers F.C.,Premier League,2025/26,Defender,11,11,0,0
wikipedia,"Pedro_Lima_(footballer,_born_2006)",Pedro Lima,Wolverhampton Wanderers F.C.,Premier League,2025/26,Defender,9,3,6,0
wikipedia,Rodrigo_Gomes,Rodrigo Gomes,Wolverhampton Wanderers F.C.,Premier League,2025/26,Midfielder,22,9,13,3
wikipedia,Sam_Johnstone,Sam Johnstone,Wolverhampton Wanderers F.C.,Premier League,2025/26,Goalkeeper,12,12,0,0
wikipedia,Santiago_Bueno,Santiago Bueno,Wolverhampton Wanderers F.C.,Premier League,2025/26,Defender,29,28,1,3
wikipedia,Saša_Kalajdžić,Saša Kalajdžić,Wolverhampton Wanderers F.C.,Premier League,2025/26,Midfielder,1,0,1,0
wikipedia,Tawanda_Chirewa,Tawanda Chirewa,Wolverhampton Wanderers F.C.,Premier League,2025/26,Midfielder,2,0,2,0
wikipedia,Tolu_Arokodare,Tolu Arokodare,Wolverhampton Wanderers F.C.,Premier League,2025/26,Forward,33,13,20,3
wikipedia,Tom_Edozie,Tom Edozie,Wolverhampton Wanderers F.C.,Premier League,2025/26,Forward,3,0,3,1
wikipedia,Toti_Gomes,Toti Gomes,Wolverhampton Wanderers F.C.,Premier League,2025/26,Defender,19,17,2,0
wikipedia,Yerson_Mosquera,Yerson Mosquera,Wolverhampton Wanderers F.C.,Premier League,2025/26,Defender,27,24,3,0
